"user_id","ts_username"
"823283","nodeinternalâ€¦"
"13421632","yougettheoriginalTS"
"13421632","yougettheoriginalTS"
"13421632","yougettheoriginalTS"
"13749282","breaksdownsomecommondoâ€™sanddonâ€™tsofChicagorecyclingâ™»ï¸"
"13749282","breaksdownsomecommondoâ€™sanddonâ€™tsofChicagorecyclingâ™»ï¸"
"13749282","breaksdownsomecommondoâ€™sanddonâ€™tsofChicagorecyclingâ™»ï¸"
"13749282","breaksdownsomecommondoâ€™sanddonâ€™tsofChicagorecyclingâ™»ï¸"
"14164297","Whataresomehashtagsdoâ€™sanddonâ€™ts?#TwitterSmarter"
"14164297","Whataresomehashtagsdoâ€™sanddonâ€™ts?#TwitterSmarter"
"14164297","Whataresomehashtagsdoâ€™sanddonâ€™ts?#TwitterSmarter"
"14470793","19vaccinesbyregionalgov'tscanresultinasuffiâ€¦"
"14519073","FascistIncompetenceandAntiâ€¦"
"14519073","FascistIncompetenceandAntiâ€¦"
"14519073","FascistIncompetenceandAntiâ€¦"
"14519073","FascistIncompetenceandAntiâ€¦"
"14865538","keynervousaboutweaklytypedlangs"
"14865538","keynervousaboutweaklytypedlangs"
"14865538","keynervousaboutweaklytypedlangs"
"14865538","keynervousaboutweaklytypedlangs"
"15490254","alabamajamshawks,pelicans,raptorsorheatdoesn'tmatter"
"15490254","alabamajamshawks,pelicans,raptorsorheatdoesn'tmatter"
"15490254","alabamajams"
"15490254","alabamajamshawks,pelicans,raptorsorheatdoesn'tmatter"
"15490254","alabamajams"
"18590869","nowâ€¦"
"19191713","don'ts"
"19191713","don'ts"
"19191713","don'ts"
"19617674","20Doâ€™s&amp;Donâ€™ts[INFOGRAPHIC]"
"22331835","f"
"24500060","follow_the_commandmentsSomanylikesit'sjustroundingtothenearesthundredğŸ”¥ğŸ”¥ğŸ”¥"
"24500060","follow_the_commandmentsSomanylikesit'sjustroundingtothenearesthundredğŸ”¥ğŸ”¥ğŸ”¥"
"24500060","follow_the_commandmentsSomanylikesit'sjustroundingtothenearesthundredğŸ”¥ğŸ”¥ğŸ”¥"
"25005036","_Jake"
"25005036","_Jake"
"25005036","_Jake"
"25005036","_Jake"
"25005036","_Jake"
"25005036","_Jake"
"25005036","_Jake"
"25782605","2FG%"
"26698158","zoenismğŸ¤ğŸ¿"
"26698158","zoenismğŸ¤ğŸ¿"
"26698158","zoenismğŸ¤ğŸ¿"
"26807193","bigsom"
"26807193","bigsom"
"26807193","bigsom"
"27015330","Hamdogs"
"27354633","danielho"
"27354633","danielho"
"27354633","danielho"
"29055531","slumpbuster916ğŸ™"
"29055531","slumpbuster916ğŸ™"
"29055531","slumpbuster916ğŸ™"
"29845382","WoolfPakAttack"
"29845382","WoolfPakAttack"
"29845382","WoolfPakAttackDidyoupostthissomewhereelse?IwenttogospitsomefireonitanditshowsIalreâ€¦"
"29845382","WoolfPakAttackğŸ”¥42"
"29845382","WoolfPakAttack286ğŸ”¥thankyou"
"29845382","WoolfPakAttackDidyoupostthissomewhereelse?IwenttogospitsomefireonitanditshowsIalreâ€¦"
"29845382","WoolfPakAttack286ğŸ”¥thankyou"
"29845382","WoolfPakAttackDidyoupostthissomewhereelse?IwenttogospitsomefireonitanditshowsIalreâ€¦"
"29845382","WoolfPakAttackğŸ”¥42"
"29845382","WoolfPakAttack"
"29845382","WoolfPakAttack"
"29858469","bucks71"
"29858469","bucks71"
"29858469","bucks71"
"29885172","AnthonyMartino!That'sasickcollection,butyoualreadyknewthatğŸ˜‚"
"29885172","AnthonyMartino!That'sasickcollection,butyoualreadyknewthatğŸ˜‚"
"29885172","AnthonyMartino!That'sasickcollection,butyoualreadyknewthatğŸ˜‚"
"30038837","PandaBearGuyLike#1.7k"
"30038837","PandaBearGuyLike#1.7k"
"30038837","PandaBearGuyLike#1.7k"
"30132734","damartian32Showcaseliked.Tagging"
"30132734","damartian32Showcaseliked.Tagging"
"30132734","damartian32Showcaseliked.Tagging"
"30639277","cwycoff35.Goodluckinthecontest."
"30639277","cwycoff35.Goodluckinthecontest."
"30639277","cwycoff35.Goodluckinthecontest."
"33026764","A"
"34103379","BennettForceThanks!!"
"34103379","BennettForceThanks!!"
"34103379","BennettForceThanks!!"
"35203319","Digitaltransformationintheremoteworkera"
"35302376","catsfanatic319"
"35302376","catsfanatic319"
"35302376","catsfanatic319"
"35302376","catsfanatic319"
"35302376","catsfanatic319"
"35302376","catsfanatic319"
"35302376","catsfanatic319"
"35302376","catsfanatic319"
"35302376","catsfanatic319"
"35302376","catsfanatic319"
"35302376","catsfanatic319"
"35302376","catsfanatic319"
"35302376","catsfanatic319"
"35302376","catsfanatic319"
"38395456","DosAndDon'tsOfTheCommercialListBy"
"38395456","DosAndDon'tsOfTheCommercialListBy"
"38395456","DosAndDon'tsOfTheCommercialListBy"
"38395456","DosAndDon'tsOfTheCommercialListBy"
"38483522","DanMaher,ExecutiveDirectoroftheExcessLineAssociationofNewYork(ELANY),shareshâ€¦"
"39511053","Followthesecrucialstepstohelpmaintainfoodtextâ€¦"
"39511053","Followthesecrucialstepstohelpmaintainfoodtextâ€¦"
"39511053","Followthesecrucialstepstohelpmaintainfoodtextâ€¦"
"41828051","Ianksaut#1.7K"
"41828051","Ianksaut#1.7K"
"41828051","Ianksaut#1.7K"
"41968536",")"
"41968536",")"
"41968536",")"
"43798814","Notimelikethâ€¦"
"44936471","jest"
"44936471","jest"
"44936471","jest"
"46600062","jbondwagon"
"46600062","jbondwagon"
"46600062","jbondwagon"
"46600062","jbondwagon"
"46600062","jbondwagon"
"46600062","jbondwagon"
"46600062","jbondwagon"
"46600062","jbondwagon"
"46600062","jbondwagon"
"46600062","jbondwagon"
"46600062","jbondwagon"
"50204577","limshadyyyğŸ™ğŸ™ğŸ™"
"50204577","limshadyyyğŸ™ğŸ™ğŸ™"
"50204577","limshadyyyğŸ™ğŸ™ğŸ™"
"52073137","Digitaltransformationintheremoteworkera"
"52666707","VIPENASTY"
"52666707","VIPENASTY"
"52666707","VIPENASTY"
"52886245","BriMan"
"52886245","BriMan"
"52886245","BriMan"
"52953748","domidomdomz"
"52953748","domidomdomzHere'sminebtw"
"52953748","domidomdomzHere'sminebtw"
"52953748","domidomdomz"
"52953748","domidomdomzHere'smine"
"52953748","domidomdomzHere'sminebtw"
"52953748","domidomdomz"
"52953748","domidomdomzHere'smine"
"52953748","domidomdomz"
"54196263","ngcg"
"54196263","ngcg"
"54196263","ngcg"
"54196263","ngcg"
"54196263","ngcgThankyou!"
"54196263","ngcg"
"56739597","vaccinationandpost"
"58215270","RipCity_Baby"
"58215270","RipCity_Baby"
"58215270","RipCity_Baby"
"59049702","domeng23"
"59049702","domeng23"
"59049702","domeng23"
"59049702","domeng23"
"59049702","domeng23"
"59049702","domeng23"
"59049702","domeng23"
"59049702","domeng23"
"59049702","domeng23"
"59049702","domeng23"
"59049702","domeng23"
"59049702","domeng23"
"59049702","domeng23"
"59049702","domeng23"
"59049702","domeng23"
"59049702","domeng23"
"59049702","domeng23"
"59049702","domeng23"
"59779078","gunnervarma"
"59779078","gunnervarma"
"59779078","gunnervarma"
"61520960","Yourguidetostayinghealthy,fitthroughoutthemonth"
"62469772","Dust1nDr4ke"
"62469772","Dust1nDr4ke"
"62469772","Dust1nDr4ke"
"62469772","Dust1nDr4ke"
"62469772","Dust1nDr4ke"
"62469772","Dust1nDr4ke"
"62469772","Dust1nDr4ke"
"62469772","Dust1nDr4ke"
"62469772","Dust1nDr4ke"
"62469772","Dust1nDr4ke"
"62469772","Dust1nDr4ke"
"62469772","Dust1nDr4ke"
"62670126","booshtkdubnation"
"62670126","booshtkdubnation"
"62670126","booshtkdubnation"
"62965711","desired1"
"62965711","desired1"
"62965711","desired1"
"65283413","Metaylor216"
"65283413","Metaylor216"
"65283413","Metaylor216"
"67131422","Cbass47"
"67131422","Cbass47"
"67131422","Cbass47"
"67131422","Cbass47"
"67131422","Cbass47ğŸ‘"
"67131422","Cbass47ğŸ‘"
"67131422","Cbass47"
"67131422","Cbass47ğŸ‘"
"67131422","Cbass47ğŸ‘"
"67131422","Cbass47"
"67828994","flongwin31"
"67828994","flongwin31"
"67828994","flongwin31"
"67828994","flongwin31"
"67828994","flongwin31"
"67828994","flongwin31"
"67828994","flongwin31"
"67828994","flongwin31"
"67828994","flongwin31donâ€™tknowwhichpast1.5k"
"67828994","flongwin31"
"67828994","flongwin31"
"67828994","flongwin31donâ€™tknowwhichpast1.5k"
"67828994","flongwin31"
"67828994","flongwin31"
"67828994","flongwin31"
"67828994","flongwin31"
"67828994","flongwin31"
"67828994","flongwin31"
"67828994","flongwin31"
"67828994","flongwin31"
"67828994","flongwin31"
"69265495","DAYNITEMORN"
"69265495","DAYNITEMORN"
"73620576","thisartistdoesN*F*Ts"
"73620576","thisartistdoesN*F*Ts"
"74212083","1CB"
"74212083","CB"
"74212083","1CB"
"76467562","TIME)1ï¸âƒ£72.6%Robinson2ï¸âƒ£72.2%Ingâ€¦"
"76467562","TIME)1ï¸âƒ£72.6%Robinson2ï¸âƒ£72.2%Ingâ€¦"
"76467562","TIME)1ï¸âƒ£72.6%Robinson2ï¸âƒ£72.2%Ingâ€¦"
"77513667","2000seasonandhada58%TS.Feelslikehislatecareersâ€¦"
"77920294","Thexceo"
"77920294","Thexceo"
"77920294","Thexceo"
"78428908","blueraptor"
"78428908","blueraptor"
"78428908","blueraptor"
"81869176",")"
"81869176",")"
"81869176",")"
"81869176",")"
"85475268","Precisethoughts"
"85475268","Precisethoughts"
"85475268","Precisethoughts"
"86977181","YoungBloOd"
"86977181","YoungBloOd"
"86977181","YoungBloOd"
"87823593","JimmerTime84andlovetheLakers,Suns,andCeltics"
"87823593","JimmerTime84andlovetheLakers,Suns,andCeltics"
"87823593","JimmerTime84andlovetheLakers,Suns,andCeltics"
"94355121","Alderaan_DestroyersFaveteamsareTorontoRaptorsDenverNuggetsOKCThunderThanksforbeingsocool!"
"94355121","Alderaan_Destroyers"
"94355121","Alderaan_Destroyers"
"94355121","Alderaan_DestroyersFaveteamsareTorontoRaptorsDenverNuggetsOKCThunderThanksforbeingsocool!"
"94355121","Alderaan_DestroyersFaveteamsareTorontoRaptorsDenverNuggetsOKCThunderThanksforbeingsocool!"
"97208234","Stormdooper39#120#TuckFrump"
"97208234","Stormdooper39"
"97208234","Stormdooper39"
"97208234","Stormdooper39"
"97208234","Stormdooper39#120#TuckFrump"
"97784625","kikoben"
"97784625","kikoben"
"97784625","kikoben"
"100694776","Nckj23"
"101105547","Seoulbro1"
"101105547","Seoulbro1"
"101105547","eoulbro1"
"101811617","âœ”ï¸Fosâ€¦"
"104336723","acNutZ"
"104336723","MacNutZ"
"104336723","MacNutZ"
"107629247","Rsickler22"
"107629247","Rsickler22"
"107629247","Rsickler22"
"111981317","EhJayDwightandJeramiGrant"
"111981317","EhJayDwightandJeramiGrant"
"111981317","EhJayDwightandJeramiGrant"
"114428324","The3CVDosandDon'tsfrom.WhenitcomestowritingaCVaperson'shobbiescâ€¦"
"114428324","The3CVDosandDon'tsfrom.WhenitcomestowritingaCVaperson'shobbiescâ€¦"
"114428324","The3CVDosandDon'tsfrom.WhenitcomestowritingaCVaperson'shobbiescâ€¦"
"115562612","mamba888liked,1.2k"
"122299473","SexyTS28"
"122299473","SexyTS28"
"122299473","SexyTS28"
"129966252","getdown!TS"
"138133624","HoneyNutCheeriosğŸ’ªğŸ’ªğŸ‘‘ğŸ‘‘"
"138133624","HoneyNutCheeriosGoodluckğŸ¤"
"138133624","HoneyNutCheeriosGoodluckğŸ¤"
"138133624","HoneyNutCheeriosShoutoutrookieoftheyearMCWğŸ’ªğŸ’ª"
"138133624","HoneyNutCheeriosğŸ‘Š"
"138133624","HoneyNutCheeriosğŸ’ªğŸ’ª"
"138133624","HoneyNutCheeriosğŸ’ªğŸ’ª"
"138133624","HoneyNutCheeriosShoutoutrookieoftheyearMCWğŸ’ªğŸ’ª"
"138133624","HoneyNutCheeriosGoodluckğŸ¤"
"138133624","HoneyNutCheeriosğŸ’ªğŸ’ªğŸ‘‘ğŸ‘‘"
"138133624","HoneyNutCheeriosğŸ‘Š"
"156774756","sleo03"
"156774756","sleo03"
"156774756","sleo03"
"157546005","baloo"
"157546005","baloo"
"157546005","baloo"
"157546005","baloo"
"157546005","baloo"
"157546005","baloo"
"157546005","baloo"
"160420056","ILLKNOCKALLTSOVER"
"160420056","ILLKNOCKALLTSOVER"
"160420056","ILLKNOCKALLTSOVER"
"162036617","sreyemnayr#nbatopshotgiveaway"
"162036617","sreyemnayr#nbatopshotgiveaway"
"162036617","sreyemnayr#nbatopshotgiveaway"
"162036617","sreyemnayr#nbatopshotgiveaway"
"163659446","Yoms"
"163659446","Yoms"
"163659446","Yoms"
"163659446","Yoms"
"163659446","Yoms"
"163922710","govâ€™tsarerestrictingourconstitutionallyprotected""mobilityrights"""
"165880548","Nated80"
"165880548","Nated80"
"165880548","Nated80"
"169146823","Donâ€™tpanicaboutpossiblesideeffects.Keepthese5dosanddonâ€™tsinmindwhenyoureceiveyour#COVID19vacâ€¦"
"169327564","SoleCollector"
"169327564","SoleCollector"
"169327564","SoleCollector"
"171828737","baseddiet,avoidair#travel,livecar"
"174925383","MarkyourcalendarsnowtojoinmeatthissuperfuneventtostockuponallyourTSfavoritesandâ€¦"
"174925383","MarkyourcalendarsnowtojoinmeatthissuperfuneventtostockuponallyourTSfavoritesandâ€¦"
"174925383","MarkyourcalendarsnowtojoinmeatthissuperfuneventtostockuponallyourTSfavoritesandâ€¦"
"174925383","MarkyourcalendarsnowtojoinmeatthissuperfuneventtostockuponallyourTSfavoritesandâ€¦"
"183234080","Magic_Makerlike#1301"
"183234080","Magic_Makerlike#1301"
"183234080","Magic_Makerlike#1301"
"187437851","Solesgo55Nets,Wolves,Warriors.Thanks!"
"187437851","Solesgo55Nets,Wolves,Warriors.Thanks!"
"187437851","Solesgo55Nets,Wolves,Warriors.Thanks!"
"188084924","Jking"
"193754467","PBizzle"
"193754467","PBizzle"
"193754467","PBizzle"
"211398602","Eze036"
"224111837","Ragan5523"
"224111837","Ragan5523"
"224111837","Ragan5523"
"225462634","4"
"225462634","4"
"225462634","4"
"225662111","VelvetHoop"
"225662111","velvethoop"
"225662111","velvethoop"
"225662111","VelvetHoop"
"225662111","velvethoop"
"225662111","VelvetHoop"
"228628566","J3(Livingston)"
"228633059","J7(Larkhall)"
"228641345","J8(BankheadM876)"
"231295807","ufchezwhiteyThanks!"
"235362534","Murdock29"
"235362534","Murdock29"
"235362534","Murdock29"
"236059631","whatwillthisstadiumbeusedfoâ€¦"
"236952435","Rethuglicanâ€™tsdraftingTimScotttoâ€œspeaktothepublicâ€afterBidennextweek?"
"247632811","TNewm2215"
"252027257","Dustinctâ¤ï¸fromğŸ‡¨ğŸ‡¦"
"252027257","dustinct"
"252027257","dustinct"
"252027257","Dustinctâ¤ï¸fromğŸ‡¨ğŸ‡¦"
"252027257","dustinct"
"252792134","TS"
"252792134","TS"
"252792134","TS"
"252792134","TS"
"252792134","TS"
"252792134","TS"
"252792134","TS"
"252792134","TS"
"252792134","TS"
"252792134","TS"
"254188940","JAYBKMB.Justkidding;)Butactually..."
"254188940","JAYBKMB.Justkidding;)Butactually..."
"254188940","JAYBKMB.Justkidding;)Butactually..."
"254218142","outtotheTs&amp;Ssusing#ChromeOS.Togetherwe'resupportingsustainablecâ€¦"
"254426116","Nobes91"
"254426116","Nobes91"
"254426116","Nobes91"
"254426116","Nobes91"
"254426116","Nobes91"
"259988609","FunctionOverloadinginTypescriptviaanothertypescriptvideobyâ€¦"
"261656435","TypescriptSetup&amp;EverydayTypesvia"
"261656435","TypescriptSetup&amp;EverydayTypesvia"
"261656435","TypescriptSetup&amp;EverydayTypesvia"
"262120052","BigN8iveNo.308"
"262120052","BigN8iveNo.308"
"262120052","BigN8iveNo.308"
"264019801","SCODAWG79.LebronJames"
"265373725","total.ImaginewhatthefeckerwouldbelikeafterafewstiffG&amp;Ts."
"265373725","total.ImaginewhatthefeckerwouldbelikeafterafewstiffG&amp;Ts."
"265373725","total.ImaginewhatthefeckerwouldbelikeafterafewstiffG&amp;Ts."
"265554430","dickie23900"
"265554430","dickie23900"
"265554430","dickie23900"
"265554430","dickie23900"
"265554430","dickie23900"
"265554430","dickie23900"
"265554430","dickie23900"
"265554430","dickie23900"
"265554430","dickie23900"
"265554430","dickie23900"
"265554430","dickie23900"
"265554430","dickie23900"
"265554430","dickie23900"
"265554430","dickie23900"
"265554430","dickie23900"
"265554430","dickie23900"
"265554430","dickie23900"
"265554430","dickie23900"
"265554430","dickie23900"
"265554430","dickie23900"
"265554430","dickie23900"
"269202622","Ibadâ€¦"
"270388238","SwooshInc"
"270388238","SwooshInc"
"274281279","oelshiyabFavoriteteams"
"274281279","oelshiyabFavoriteteams"
"274281279","oelshiyabFavoriteteams"
"276825201","V_ALakers76ersRaptors"
"276825201","V_ALakers76ersRaptors"
"276825201","V_ALakers76ersRaptors"
"278221569","Doâ€™s&amp;Donâ€™tsofRenovationsWithMargitWhitlock,AIA,â€¦"
"281331480","Esquire504"
"281331480","Esquire504"
"281331480","Esquire504"
"284754942","Zduchon"
"288547322","ETOLL00"
"288547322","ETOLL00"
"288547322","ETOLL00"
"288547322","ETOLL00"
"291753162","19MarketingDoâ€™s&amp;Donâ€™ts"
"291753162","19MarketingDoâ€™s&amp;Donâ€™ts"
"291753162","19MarketingDoâ€™s&amp;Donâ€™ts"
"293862238","mitchberger106Somewhereinthe1.6klikes!"
"293862238","mitchberger106Somewhereinthe1.6klikes!"
"293862238","mitchberger106Somewhereinthe1.6klikes!"
"303254640","Olebigbats"
"303254640","Olebigbats"
"303254640","Olebigbats"
"312301736","rhoward87"
"312301736","rhoward87"
"312301736","rhoward87"
"320480376","JRO19thanks!!!ğŸ€ğŸ”¥"
"320480376","JRO19thanks!!!ğŸ€ğŸ”¥"
"320480376","JRO19thanks!!!ğŸ€ğŸ”¥"
"323605096","jdub18Bulls,Mavs,Portland"
"323605096","jdub18Bulls,Mavs,Portland"
"323605096","jdub18Bulls,Mavs,Portland"
"325151621","MASSDOG23LET'SGO!!!"
"325151621","MASSDOG23Let'sgo!"
"325151621","MASSDOG23Let'sgo!"
"325151621","MASSDOG23LET'SGO!!!"
"325151621","MASSDOG23Thanksfortheopportunity!!Let'sGO!"
"325151621","MASSDOG23Let'sgo!"
"325151621","MASSDOG23Let'sgo!"
"325151621","MASSDOG23Let'sgo!"
"325151621","MASSDOG23Let'sgo!"
"325151621","MASSDOG23Let'sgo!"
"325151621","MASSDOG23Let'sgo"
"325151621","MASSDOG23Let'sgo!"
"325151621","MASSDOG23Thanksfortheopportunity!!Let'sGO!"
"325151621","MASSDOG23Let'sgo!"
"325151621","MASSDOG23Thanksforthegiveaway!"
"325151621","MASSDOG23Let'sgo!"
"325151621","MASSDOG23Let'sgo!"
"325151621","MASSDOG23Let'sgo"
"325151621","MASSDOG23Thanksfortheopportunity!!Let'sGO!"
"325151621","MASSDOG23Let'sgo!"
"325151621","MASSDOG23LET'SGO!!!"
"325151621","MASSDOG23Let'sgo!"
"325151621","MASSDOG23Thanksforthegiveaway!"
"325151621","MASSDOG23Let'sgo!Thanks!"
"325151621","MASSDOG23Thanksfortheopportunity!!Let'sGO!"
"325151621","MASSDOG23Let'sgo!Thanks!"
"325151621","MASSDOG23Let'sgo!"
"325151621","MASSDOG23Let'sgo"
"325151621","MASSDOG23LET'sGO!"
"325151621","MASSDOG23Let'sgo!"
"325151621","MASSDOG23Let'sgo!"
"325151621","MASSDOG23Let'sgo!"
"325151621","MASSDOG23Let'sgo!"
"333972747","DosAndDon'tsOfTheCommercialListBy"
"333972747","DosAndDon'tsOfTheCommercialListBy"
"333972747","DosAndDon'tsOfTheCommercialListBy"
"333972747","DosAndDon'tsOfTheCommercialListBy"
"339309340","I'vefoundthatyoungTstendtorelyonhardworkandstrugglewhenfacingpâ€¦"
"341125104","SlickandtheKid"
"341125104","SlickandtheKid"
"341125104","SlickandtheKid"
"341125104","SlickandtheKid"
"341125104","SlickandtheKid"
"349991729","â€¦"
"349991729","â€¦"
"349991729","â€¦"
"350636386","granny_hoops11likenumber1.9k"
"355485671","fivingâ€¦"
"355485671","fivingâ€¦"
"355485671","fivingâ€¦"
"356322172","viaDMTUIhaverefusedtoacknowledgethecomplaintoracknowledgethattheirTs&amp;â€¦"
"360336761","18TSsaga...&amp;gladtoseethatsâ€¦"
"365994846","Asakael"
"365994846","Asakael"
"365994846","Asakael"
"378904801","AQfresh17"
"378904801","AQfresh17"
"378904801","AQfresh17"
"387802199","histweetwaspainfullymized.ğŸ’”NotcoolğŸ¤¦ğŸ¾â€â™€ï¸Theâ€¦"
"387802199","histweetwaspainfullymized.ğŸ’”NotcoolğŸ¤¦ğŸ¾â€â™€ï¸Theâ€¦"
"387802199","histweetwaspainfullymized.ğŸ’”NotcoolğŸ¤¦ğŸ¾â€â™€ï¸Theâ€¦"
"387802199","histweetwaspainfullymized.ğŸ’”NotcoolğŸ¤¦ğŸ¾â€â™€ï¸Theâ€¦"
"388461408","donke77"
"388461408","donke77"
"388461408","donke77"
"403484430","alfred88"
"408102418","ShimRaptors,Raptors,Raptors"
"408102418","ShimRaptors,Raptors,Raptors"
"408102418","ShimRaptors,Raptors,Raptors"
"410081887","BennyBear84"
"410081887","BennyBear84"
"410081887","BennyBear84"
"410081887","BennyBear84"
"410081887","BennyBear84"
"443118142","RaseOneğŸ‘Š"
"443118142","RaseOneğŸ‘Š"
"443118142","RaseOneğŸ‘Š"
"464926910","marcusissmartlike#146#TuckFrump"
"464926910","marcusissmartlike#146#TuckFrump"
"464926910","marcusissmartlike#146#TuckFrump"
"475026051","backcracker#1.9k"
"475026051","backcracker#1.9k"
"475026051","backcracker#1.9k"
"480297269","employedbygovernmentaâ€¦"
"480297269","employedbygovernmentaâ€¦"
"480297269","employedbygovernmentaâ€¦"
"480882167","fearthedeer414"
"480882167","fearthedeer414"
"480882167","fearthedeer414"
"493762531","clax21Ijustlikebasketball.Thanksyouareawesome."
"493762531","clax21Ijustlikebasketball.Thanksyouareawesome."
"493762531","clax21Ijustlikebasketball.Thanksyouareawesome."
"498961230","The3CVDosandDon'tsfrom.WhenitcomestowritingaCVaperson'shobbiescâ€¦"
"498961230","The3CVDosandDon'tsfrom.WhenitcomestowritingaCVaperson'shobbiescâ€¦"
"498961230","The3CVDosandDon'tsfrom.WhenitcomestowritingaCVaperson'shobbiescâ€¦"
"499293498","dustinlies"
"499293498","dustinliesTeams"
"499293498","dustinlies"
"499293498","dustinlies"
"499293498","dustinliesTeams"
"499293498","dustinlies"
"499293498","dustinlies"
"499293498","dustinlies"
"499293498","dustinliesTeams"
"500730620","Jahmin22"
"500730620","Jahmin22"
"500730620","Jahmin22"
"501784219","13edm"
"501784219","13edm"
"501784219","13edm"
"519628570","twolfpack"
"519628570","twolfpack322"
"519628570","twolfpack322"
"519628570","twolfpack"
"519628570","twolfpack"
"519628570","twolfpack"
"519628570","twolfpack"
"519628570","twolfpack"
"542799484","abcrosby8"
"542799484","abcrosby8"
"542799484","abcrosby8"
"542922197","tkdrahn"
"542922197","tkdrahn"
"542922197","tkdrahn"
"544343743","ts""inaneditorialandgotalotofcriticism.Hepointedâ€¦"
"547437345","Chubbybucketlikewithinthe1.6Krange!"
"547437345","Chubbybucketlikewithinthe1.6Krange!"
"547437345","Chubbybucketlikewithinthe1.6Krange!"
"560839404","KING813217andlike1.7K"
"560839404","KING813217andlike1.7K"
"560839404","KING813217andlike1.7K"
"567507663","DestinationDonâ€™tsby"
"583192593","checkoutthisPDopportunityusingOERmaterialswithRegisterhere"
"583192593","checkoutthisPDopportunityusingOERmaterialswithRegisterhere"
"583192593","checkoutthisPDopportunityusingOERmaterialswithRegisterhere"
"588253887","komikt07entinoPleaselikebackifyouhaven'tyet.Thanks!"
"588253887","komikt07entinoPleaselikebackifyouhaven'tyet.Thanks!"
"588253887","komikt07entinoPleaselikebackifyouhaven'tyet.Thanks!"
"588253887","komikt07entinoI'vejustlikedyourShowcase,althoughâ€¦"
"588253887","komikt07entinoI'vejustlikedyourShowcase,althoughâ€¦"
"588902893","13inchrodman"
"588902893","13inchrodman"
"588902893","13inchrodman"
"596547734","KiuKa79"
"596547734","KiuKa79"
"596547734","KiuKa79"
"597996104","ActiveTSisrequired"
"600471053","quav"
"600471053","quav"
"600471053","quav"
"600471053","quav"
"616985702","tshappiness"
"616985702","tshappiness"
"616985702","tshappiness"
"753302287","deep_floristâœŒğŸ½"
"753302287","deep_floristâœŒğŸ½"
"753302287","deep_floristâœŒğŸ½"
"762679440","Trusting_The_Process"
"762679440","Trusting_The_Process"
"762679440","Trusting_The_Process"
"766493366","CompassionatePeachesThisshowcaseispartofagiveawaycheckmypinnedtweet!"
"766493366","CompassionatePeachesThisshowcaseispartofagiveawaycheckmypinnedtweet!"
"766493366","CompassionatePeachesThisshowcaseispartofagiveawaycheckmypinnedtweet!"
"767982614","chester_ts16"
"767982614","chester_ts16"
"767982614","chester_ts16"
"777859160","WerdSilvaLikesomewherearound1.6k,Icansendproof"
"777859160","WerdSilvaLikesomewherearound1.6k,Icansendproof"
"777859160","WerdSilvaLikesomewherearound1.6k,Icansendproof"
"828543212","78%EFG"
"828543212","78%EFG"
"828543212","78%EFG"
"843286274","tsbeardsğŸš€"
"843286274","tsbeardsğŸš€"
"843286274","tsbeardsğŸš€"
"871699640","danallaroundtheworldğŸ™ğŸ½"
"871699640","danallaroundtheworldLakers,Blazers,Pelicans"
"871699640","danallaroundtheworldLakers,Blazers,Pelicans"
"871699640","danallaroundtheworldLakers,Blazers,Pelicans"
"871699640","danallaroundtheworldğŸ™ğŸ½"
"895924129","markxthespot"
"895924129","markxthespot"
"895924129","markxthespot"
"898504530","tx_buda"
"898504530","tx_buda"
"898504530","tx_buda"
"898504530","tx_buda"
"898504530","tx_buda"
"898504530","tx_buda"
"898504530","tx_buda"
"898504530","tx_buda"
"898504530","tx_buda"
"898504530","tx_buda"
"937304113","SexyTSDanielaShowering"
"937304113","SexyTSDanielaShowering"
"937304113","SexyTSDanielaShowering"
"937304113","SexyTSDanielaShowering"
"974446429","Jeff515"
"974446429","Jeff515"
"974446429","Jeff515"
"975089815","Kawhi"
"975089815","Kawhi"
"975089815","Kawhi"
"987067644","THTLAKESHOW"
"987067644","THTLakeshow"
"987067644","THTLakeshow"
"987067644","THTLAKESHOW"
"987067644","THTLakeshow"
"989929970","dexxx23"
"989929970","dexxx23"
"1021291862","SuthySideUpandI'maRaptorsfan!!#WeTheNorthWillâ€¦"
"1021291862","SuthySideUpandI'maRaptorsfan!!#WeTheNorthWillâ€¦"
"1021291862","SuthySideUpandI'maRaptorsfan!!#WeTheNorthWillâ€¦"
"1093590121","Alexpancakes"
"1093590121","Alexpancakes"
"1093590121","Alexpancakes"
"1097688823","TS"
"1097688823","TS"
"1097688823","TS"
"1156583192","tsMyTime#Streaming320Kbps#320MAXNewest#Artist#Showcase#music#radioatMaximumQuality!â€¦"
"1161052471","GizmoMoney.....GoodLuckWIlt!!!"
"1161052471","GizmoMoney.....GoodLuckWIlt!!!"
"1161052471","GizmoMoney.....GoodLuckWIlt!!!"
"1164754340","30ct.Dmme"
"1164754340","30ct.Dmme.NAonly"
"1164754340","30ct.Dmme"
"1164754340","30ct.Dmme.NAonly"
"1164754340","30ct.Dmme.NAonly"
"1164754340","30ct.Dmme"
"1182979177","wise/badumts"
"1182979177","wise/badumts"
"1182979177","wise/badumts"
"1182979177","wise/badumts"
"1186461932","astizzle"
"1186461932","astizzle"
"1186461932","astizzle"
"1222019629","ingasambulance?"
"1222019629","ingasambulance?"
"1222019629","ingasambulance?"
"1222019629","ingasambulance?"
"1223490932","MrAlan6"
"1223490932","MrAlan6"
"1223490932","MrAlan6"
"1228229396","TheLastDJ"
"1228229396","TheLastDJ"
"1228229396","TheLastDJ"
"1228229396","Thelastdj"
"1293596995","089DrocThanksfortheshot!ğŸ¤™ğŸ€"
"1293596995","089DrocThanksfortheshot!ğŸ¤™ğŸ€"
"1293596995","089DrocThanksfortheshot!ğŸ¤™ğŸ€"
"1333566606","light_kingfisher14"
"1333566606","light_kingfisher14"
"1333566606","light_kingfisher14"
"1390202929","onbagtoguaranteeaquickandeasysecuritycheckforyâ€¦"
"1390202929","onbagtoguaranteeaquickandeasysecuritycheckforyâ€¦"
"1400961265","384"
"1400961265","384"
"1400961265","384"
"1490455430","TSNAVYNATURESize"
"1534709353","sexbobombtastic"
"1534709353","sexbobombtastic"
"1534709353","sexbobombtastic"
"1567529924","IwantedtochangetheAPIfordeno_hooked"
"1567529924","IwantedtochangetheAPIfordeno_hooked"
"1567529924","IwantedtochangetheAPIfordeno_hooked"
"1567529924","IwantedtochangetheAPIfordeno_hooked"
"1571197483","robd1983Thanks!"
"1579137354","oriz3n"
"1579137354","oriz3n"
"1579137354","oriz3n"
"1598724763","Dosanddon'ts"
"1662814788","Nopurchasenecessary.Anysmallteaorcoffee.Onefreedrinkpercustomer.NorthernIrelandstoresonly.â€¦"
"1662814788","Nopurchasenecessary.Anysmallteaorcoffee.Onefreedrinkpercustomer.NorthernIrelandstoresonly.â€¦"
"1662814788","Nopurchasenecessary.Anysmallteaorcoffee.Onefreedrinkpercustomer.NorthernIrelandstoresonly.â€¦"
"1718327072","attentoa...FrancescoForte"
"1718327072","attentoa...FrancescoForte"
"1718327072","attentoa...FrancescoForte"
"1865608279","trainfor3"
"1865608279","trainfor3"
"1865608279","trainfor3"
"1865608279","trainfor3"
"1865608279","trainfor3"
"1865608279","Trainfor3"
"1865608279","trainfor3"
"1865608279","Trainfor3"
"1865608279","trainfor3Warriors,clippers,Nets"
"1865608279","trainfor3"
"1865608279","trainfor3"
"1865608279","trainfor3"
"1865608279","Trainfor3"
"1865608279","trainfor3"
"1865608279","trainfor3"
"1865608279","trainfor3"
"1865608279","trainfor3"
"1865608279","trainfor3"
"1865608279","Trainfor3"
"1865608279","Trainfor3"
"1865608279","Trainfor3"
"1865608279","trainfor3"
"1865608279","trainfor3"
"1865608279","trainfor3"
"1865608279","Trainfor3"
"1865608279","trainfor3"
"1865608279","trainfor3Warriors,clippers,Nets"
"1865608279","trainfor3"
"1865608279","trainfor3"
"1865608279","Trainfor3"
"1865608279","trainfor3"
"1865608279","trainfor3"
"1865608279","trainfor3"
"1865608279","Trainfor3"
"1865608279","trainfor3"
"1906981801","sbarnesLike#72"
"1906981801","sbarnesLike#72"
"1906981801","sbarnes"
"1906981801","sbarnes"
"1906981801","sbarnes"
"1906981801","sbarnes"
"1906981801","sbarnes"
"1927735266","waybeyondthearcMosesBrown!"
"1927735266","waybeyondthearcMosesBrown!"
"1927735266","waybeyondthearcMosesBrown!"
"1927735266","waybeyondthearcMosesBrown!"
"1934591340","AndrewYang."
"2153533176","chingster"
"2153533176","chingsterdiscord"
"2153533176","chingster"
"2153533176","chingsterdiscord"
"2153533176","chingsterdiscord"
"2153533176","chingsterdiscord"
"2153533176","chingster"
"2160356910","jxooparShowcaselink"
"2160356910","jxopparShowcaselink"
"2160356910","jxopparShowcaselink"
"2160356910","jxooparShowcaselink"
"2160356910","jxopparShowcaselink"
"2238865792","emndesigns.â€¦"
"2248156285","cryptopshooterAlreadylikedyourshowcasefrombefore..."
"2248156285","cryptopshooterAlreadylikedthisbefore"
"2248156285","cryptopshooter"
"2248156285","cryptopshooter"
"2248156285","cryptopshooter"
"2248156285","cryptopshooterAlreadylikedthisbefore"
"2248156285","cryptopshooterAlreadylikedyourshowcasefrombefore..."
"2248156285","cryptopshooter"
"2248156285","cryptopshooter"
"2248156285","cryptopshooter"
"2248156285","cryptopshooterAlreadylikedyourshowcasefrombefore..."
"2273978240","Finishr"
"2273978240","Finishr"
"2273978240","Finishr"
"2273978240","Finishr"
"2273978240","Finishr"
"2277291361","ONfororder0898346724.#YukOrder"
"2277291361","ONfororder0898346724.#YukOrder"
"2277291361","ONfororder0898346724.#YukOrder"
"2285015184","whichisbecausethey'realltw*tstheysupporttheridiculousmentally"
"2285015184","whichisbecausethey'realltw*tstheysupporttheridiculousmentally"
"2285015184","whichisbecausethey'realltw*tstheysupporttheridiculousmentally"
"2299519770","XAEA_12Thanks!ğŸ"
"2299519770","XAEA_12Thanks!ğŸ"
"2299519770","XAEA_12ThanksğŸâ¤ï¸"
"2299519770","XAEA_12Thanks!ğŸ"
"2299519770","XAEA_12ThanksğŸâ¤ï¸"
"2302986703","umar,heresmyshowcasetoo"
"2302986703","umar"
"2302986703","umar"
"2302986703","Umar"
"2302986703","umar"
"2302986703","Umar"
"2302986703","umar,heresmyshowcasetoo"
"2302986703","umar"
"2302986703","umar,heresmyshowcasetoo"
"2303382396","AdeepthretThanksandgoodluck!"
"2303382396","AdeepthretThanksandgoodluck!"
"2303382396","AdeepthretThanksandgoodluck!"
"2305912183","6Tscheckouthoweasyitistoaccesspre"
"2305912183","6Tscheckouthoweasyitistoaccesspre"
"2305912183","6Tscheckouthoweasyitistoaccesspre"
"2366382378","cayoungThanks!"
"2366382378","cayoungThanks!"
"2366382378","cayoungThanks!"
"2366382378","cayoungButğŸ¤ğŸ¼forthepony"
"2366382378","cayoungButğŸ¤ğŸ¼forthepony"
"2370122180","winningYoungTomtotheguestlist#ginâ€¦"
"2370122180","winningYoungTomtotheguestlist#ginâ€¦"
"2370122180","winningYoungTomtotheguestlist#ginâ€¦"
"2379075590","Lix"
"2379075590","Lix"
"2379075590","Lix"
"2466026833","NoNightShowsInCinemaHalls#NightCurfew|#Telangana|#TelanganaFightsCorona|â€¦"
"2466026833","NoNightShowsInCinemaHalls#NightCurfew|#Telangana|#TelanganaFightsCorona|â€¦"
"2466026833","NoNightShowsInCinemaHalls#NightCurfew|#Telangana|#TelanganaFightsCorona|â€¦"
"2492369731","ghost_dog_one"
"2492369731","ghost_dog_one"
"2492369731","ghost_dog_one"
"2681356806","20PIECE"
"2681356806","20PIECE"
"2681356806","20PIECE,"
"2681356806","20PIECE,"
"2681356806","20PIECE"
"2681356806","20PIECE,"
"2709853136","pleshin13#996ğŸ”¥"
"2709853136","pleshin13#996ğŸ”¥"
"2709853136","pleshin13#996ğŸ”¥"
"2728201353","lakers_4ever"
"2728201353","lakers_4everFavteams"
"2728201353","lakers_4everFavteams"
"2728201353","lakers_4everFavteams"
"2770139563","Howtodoublemask,dosanddonâ€™ts|ExplainedNews,TheIndianExpress"
"2770139563","Howtodoublemask,dosanddonâ€™ts|ExplainedNews,TheIndianExpress"
"2770139563","Howtodoublemask,dosanddonâ€™ts|ExplainedNews,TheIndianExpress"
"2786668408","bradurday"
"2786668408","bradurday"
"2786668408","bradurday"
"2786668408","bradurday"
"2786668408","bradurday"
"2786668408","bradurday"
"2786668408","bradurday"
"2786668408","bradurday"
"2786668408","bradurday"
"2786668408","bradurday"
"2786668408","bradurday"
"2786668408","bradurday"
"2786668408","bradurday"
"2786668408","bradurday"
"2786668408","bradurday"
"2786668408","bradurday"
"2786668408","bradurday"
"2786668408","bradurday"
"2786668408","bradurday"
"2786668408","bradurday"
"2786668408","bradurday"
"2786668408","bradurday"
"2786668408","bradurday"
"2786668408","bradurday"
"2786668408","bradurday"
"2786668408","bradurday"
"2786668408","bradurday"
"2786668408","bradurday"
"2786668408","bradurday"
"2786668408","bradurday"
"2786668408","bradurday"
"2786668408","bradurday"
"2786668408","bradurday"
"2786668408","bradurday"
"2786668408","bradurday"
"2786668408","bradurday"
"2786668408","bradurday"
"2786668408","bradurday"
"2786668408","bradurday"
"2795243706","gaming.â€¦"
"2795243706","gaming.â€¦"
"2795243706","gaming.â€¦"
"2865072712","BengeBallerThanksfortheop!"
"2865072712","BengeBallerThanksfortheop!"
"2865072712","BengeBallerThanksfortheop!"
"2872391521","Aguygotcomplimentsfromhisteammatesonateam"
"2872391521","Aguygotcomplimentsfromhisteammatesonateam"
"2872391521","Aguygotcomplimentsfromhisteammatesonateam"
"2901985537","BallerThrowdown"
"2901985537","BallerThrowdown"
"2901985537","BallerThrowdown"
"2912826923","TsIcanâ€™tkeepup."
"2924286925","AWisemanOnceSaid"
"2924286925","AWisemanOnceSaid"
"2924286925","AWisemanOnceSaid"
"2981268119","tsAnnielmaoIthoughtthatwasthe""version""theylovedğŸš¶"
"2997210144","Wearepayingyourwaytoattend#CSTA2021.Details"
"2997210144","Wearepayingyourwaytoattend#CSTA2021.Details"
"3024477881","Billieve1"
"3024477881","Billieve1"
"3024477881","Billieve1"
"3066837253","myfriendwhoispwdparkedatthepwdparkingParkingattendant"
"3066837253","myfriendwhoispwdparkedatthepwdparkingParkingattendant"
"3066837253","myfriendwhoispwdparkedatthepwdparkingParkingattendant"
"3100056111","Juice_Lab"
"3100056111","Juice_Lab"
"3100056111","Juice_Lab"
"3246207086","THE/my;tsâˆSemiRegularRadioProgramã€DeLTaNoTeQuaL#02ã€‘"
"3300015302","GetPackedğŸ‘ŠğŸ½ğŸ™ŒğŸ½ğŸ™ğŸ½"
"3300015302","GetPackedğŸ‘ŠğŸ½ğŸ™ŒğŸ½ğŸ™ğŸ½"
"3300015302","GetPackedğŸ‘ŠğŸ½ğŸ™ŒğŸ½ğŸ™ğŸ½"
"3300015302","GetPackedğŸ‘ŠğŸ½ğŸ™ŒğŸ½ğŸ™ğŸ½"
"3362483146","JJangBang"
"3362483146","JJangBang"
"3362483146","JJangBang"
"3404186621","startingyourcareer?HerearesometopDoâ€™sandDonâ€™tsfrom#Salesforceleadersonenteringtheprofessionalâ€¦"
"3430355772","ShadowBeardedGoodLuck!"
"3430355772","ShadowBearded"
"3430355772","ShadowBearded"
"3430355772","ShadowBeardedyou'reupto605likes"
"3430355772","ShadowBeardedfriendtag"
"3430355772","ShadowBeardedyou'reupto163Likes!goodluck!"
"3430355772","ShadowBeardedGoodLuck!"
"3430355772","Dgoodluck!"
"3430355772","ShadowBeardedyou'reupto163Likes!goodluck!"
"3430355772","ShadowBeardedfriendtag"
"3430355772","ShadowBearded"
"3430355772","ShadowBeardedyou'reupto605likes"
"3430355772","Dgoodluck!"
"3430355772","ShadowBearded"
"3430355772","ShadowBearded"
"3430355772","Dgoodluck!"
"3432074853","Garyshav"
"3432074853","Garyshav"
"3432074853","Garyshav"
"3432074853","Garyshav"
"3432074853","Garyshav"
"3578803222","From_The_Ashes"
"3578803222","From_The_Ashes"
"3578803222","From_The_Ashes"
"3578803222","From_The_Ashes"
"3578803222","From_The_Ashes"
"3578803222","From_The_AshesTs"
"3578803222","From_The_Ashes"
"3578803222","From_The_Ashes"
"3578803222","From_The_AshesTs"
"3578803222","From_The_Ashes"
"3578803222","From_The_AshesTs"
"3700920982","14(75FltDeckTS)"
"3700920982","14(75FltDeckTS)"
"3761209576","The_Zack_BarnesThanks!"
"3844610669","teenlogic"
"3847086268","Doâ€™sandDonâ€™ts#dateideas#firstdate#onlinedating"
"3847086268","Doâ€™sandDonâ€™ts#dateideas#firstdate#onlinedating"
"3847086268","Doâ€™sandDonâ€™ts#dateideas#firstdate#onlinedating"
"4086876912","CNBC"
"4270705873","ballinonabudget23Thanks!"
"4270705873","ballinonabudget23Thanks!"
"4270705873","ballinonabudget23Thanks!"
"4303487056","Donttouchmypotato"
"4303487056","Donttouchmypotato"
"4303487056","Donttouchmypotato"
"4888493968","JBus"
"4888493968","JBus"
"4888493968","JBus"
"697997414142181376","SCTiger35ğŸ”¥#~1.7kIwasinsidethefirstcouplehundredbefore,butforgotandjustpunchedthâ€¦"
"697997414142181376","SCTiger35ğŸ”¥#~1.7kIwasinsidethefirstcouplehundredbefore,butforgotandjustpunchedthâ€¦"
"697997414142181376","SCTiger35ğŸ”¥#~1.7kIwasinsidethefirstcouplehundredbefore,butforgotandjustpunchedthâ€¦"
"700798361754951682","#ChissellMortgageGroup#Homeownersâ€¦"
"700798361754951682","#ChissellMortgageGroup#Homeownersâ€¦"
"703449887753408512","mikendre"
"703449887753408512","mikendre"
"703449887753408512","mikendre"
"723567776611196928","Nukidmike"
"723567776611196928","Nukidmike"
"723567776611196928","Nukidmike"
"730970596679520256","petrstish8"
"733098538402349057","#IZONE"
"733098538402349057","#IZONE"
"733098538402349057","#IZONE"
"734760894358421504","Triple_DribbleğŸ™"
"734760894358421504","Triple_DribbleğŸ™"
"734760894358421504","Triple_DribbleğŸ™"
"739675185398194176","45est"
"742865951662690304","BADFISHWOW"
"742865951662690304","BADFISHWOW"
"742865951662690304","BADFISHWOW"
"742865951662690304","BADFISHWOW"
"742865951662690304","BADFISHWOW"
"742865951662690304","BADFISHWOW"
"742865951662690304","BADFISHWOW"
"742865951662690304","BADFISHWOWthanksfortheopportunity!"
"742865951662690304","BADFISHWOWthanksfortheopportunity!"
"742865951662690304","BADFISHWOWthanksfortheopportunity!"
"742865951662690304","BADFISHWOW"
"742865951662690304","BADFISHWOW"
"747909074247876608","nicko116"
"747909074247876608","nicko116"
"747909074247876608","icko116"
"747909074247876608","nicko116"
"747909074247876608","nicko116"
"747909074247876608","nicko116"
"747909074247876608","nicko116"
"747909074247876608","nicko116"
"747909074247876608","nicko116"
"747909074247876608","nicko116"
"747909074247876608","nicko116"
"747909074247876608","nicko116"
"747909074247876608","nicko116"
"747909074247876608","nicko116"
"752540675829338112","Freeanditworks"
"752540675829338112","Freeanditworks"
"752540675829338112","Reachmorepeople"
"752540675829338112","Freeanditworks"
"755862743421366273","puzzlepiecedad"
"755862743421366273","puzzlepiecedad"
"755862743421366273","puzzlepiecedad"
"755862743421366273","puzzlepiecedad"
"755862743421366273","puzzlepiecedad"
"770429812888461313","""Eacheventhasitsown10commandments,itsowndo's/don'ts.â€¦"
"774294899571068928","DosandDonâ€™ts"
"774294899571068928","DosandDonâ€™ts"
"774294899571068928","DosandDonâ€™ts"
"774294899571068928","DosandDonâ€™ts"
"779119383893258240","Wade_County_305ThanksCheddar!"
"779119383893258240","Wade_County_305ThanksCheddar!"
"779119383893258240","Wade_County_305ThanksCheddar!"
"812337799450034181","joeswam(Ilikedyoursalready,soIâ€™mnotsurewhichnumberlikeIam).Thanks!"
"812337799450034181","joeswam(Ilikedyoursalready,soIâ€™mnotsurewhichnumberlikeIam).Thanks!"
"812337799450034181","joeswam(Ilikedyoursalready,soIâ€™mnotsurewhichnumberlikeIam).Thanks!"
"814321255226757120","thescariestPICeverunlessshecomesoutbecauseshe*WILL*betheretosupportyou,whetheâ€¦"
"815669634179268609","jamestilson"
"819282497624272896","BlockchainSports"
"819282497624272896","BlockchainSports"
"819282497624272896","BlockchainSports"
"823378247815725056","PantherRobThanks."
"823378247815725056","PantherRobThanks."
"823378247815725056","PantherRobThanks."
"830881852399316992","myrefereâ€¦"
"838040344600117248","""Nashville1970"
"838040344600117248","""Nashville1970"
"838040344600117248","""Nashville1970"
"838040344600117248","""Nashville1970"
"838744823951724544","jumpshot6095like#1.6k"
"838744823951724544","jumpshot6095like#1.6k"
"838744823951724544","jumpshot6095like#1.6k"
"845072391533309952","2021"
"845072391533309952","2021"
"845072391533309952","2021"
"845072391533309952","2021"
"845072391533309952","2021"
"845072391533309952","2021"
"845072391533309952","2021"
"845072391533309952","2021"
"845072391533309952","2021"
"845072391533309952","2021"
"845072391533309952","2021"
"845072391533309952","2021"
"845072391533309952","2021"
"845072391533309952","2021"
"845072391533309952","2021"
"845072391533309952","2021"
"845072391533309952","2021"
"845072391533309952","2021"
"845072391533309952","2021"
"845072391533309952","2021"
"845072391533309952","2021"
"845072391533309952","2021"
"845072391533309952","2021"
"845072391533309952","2021"
"845072391533309952","2021"
"845072391533309952","2021"
"845072391533309952","2021"
"845072391533309952","2021"
"845072391533309952","2021"
"845072391533309952","2021"
"845072391533309952","2021"
"845072391533309952","2021"
"845072391533309952","2021"
"845072391533309952","2021"
"845072391533309952","2021"
"845072391533309952","2021"
"845072391533309952","2021"
"845072391533309952","2021"
"845072391533309952","2021"
"845072391533309952","2021"
"845072391533309952","2021"
"845072391533309952","2021"
"845072391533309952","2021"
"845072391533309952","2021"
"845072391533309952","2021"
"845072391533309952","2021"
"845072391533309952","2021"
"845072391533309952","2021"
"852221460408147977","YouKnowI'tsaboutyou(Lyrics)ğŸµvia"
"852221460408147977","YouKnowI'tsaboutyou(Lyrics)ğŸµvia"
"852221460408147977","YouKnowI'tsaboutyou(Lyrics)ğŸµvia"
"873314923262222336","/IlovewanobutImisswhentheywerejustâ€¦"
"877320093197316096","jtglike#1.9k+"
"903420128930516992","10"
"903420128930516992","10"
"903420128930516992","10"
"903709782422454277","ejang9Haveneverwononefromyoubeforebutthanksfordoingallyoudoforpeople!"
"903709782422454277","ejang9Haveneverwononefromyoubeforebutthanksfordoingallyoudoforpeople!"
"903709782422454277","ejang9Haveneverwononefromyoubeforebutthanksfordoingallyoudoforpeople!"
"913072813900288001","PlslikemyshowcaseğŸš¨"
"913072813900288001","PlslikemyshowcaseğŸš¨"
"913072813900288001","PlslikemyshowcaseğŸš¨"
"913975795055546368","Canadianemergencymanagementleader|News|LifeSite"
"916429716952719360","Bagstownpinelayers"
"916429716952719360","Bagstownpinelayersfavouriteplayer"
"920446943502802946","thereeps"
"920446943502802946","thereeps"
"920446943502802946","thereeps"
"924106667716780032","SwishDeckThankyouandgoodluck"
"924106667716780032","SwishDeckThankyouandgoodluck"
"924106667716780032","SwishDeckThankyouandgoodlucktoall"
"924106667716780032","SwishDeckThankyouandgoodlucktoall"
"924106667716780032","SwishDeckThankyouandgoodlucktoall"
"924116716841418753","Nwcreation5**hopingforglitchinsystemfordropğŸ˜‚ğŸ˜‰"
"924116716841418753","Nwcreation5**hopingforglitchinsystemfordropğŸ˜‚ğŸ˜‰"
"924116716841418753","Nwcreation5**hopingforglitchinsystemfordropğŸ˜‚ğŸ˜‰"
"938804552203165697","05"
"948731377981317121","Octnandez"
"948731377981317121","Octnandez"
"948731377981317121","Octnandez"
"953060078420033536","XakLike#1.9kRange"
"953060078420033536","XakLike#1.9kRange"
"953060078420033536","XakLike#1.9kRange"
"953060078420033536","XakLike#1.9kRange"
"956520051108188162","TS"
"956520051108188162","TS"
"956520051108188162","TS"
"957500420666032128","OKCthunder"
"957500420666032128","OKCthunder"
"957500420666032128","OKCthunder"
"972452413880741889","Dosanddonâ€™tsofsteamingtofightCOVIDâ€“TimesofIndia"
"972452413880741889","Dosanddonâ€™tsofsteamingtofightCOVIDâ€“TimesofIndia"
"972452413880741889","Dosanddonâ€™tsofsteamingtofightCOVIDâ€“TimesofIndia"
"976957853499092992","$37ğŸ’°madefrom"
"976957853499092992","$37ğŸ’°madefrom"
"976957853499092992","$37ğŸ’°madefrom"
"978474546645929984","10minsearlywtf"
"984039685075828736","CassandraDC"
"984039685075828736","CassandraDC"
"984039685075828736","CassandraDC"
"994742920442859520","Canadianemergencymanagementleader|News|LifeSite"
"996859687395045377","inspiredcandlethread"
"1008870488423223297","DOOMg59"
"1008870488423223297","DOOMg59"
"1008870488423223297","DOOMg59"
"1011946734673637376","thisoneisforservicingStatesPartiesbetter"
"1011946734673637376","thisoneisforservicingStatesPartiesbetter"
"1011946734673637376","thisoneisforservicingStatesPartiesbetter"
"1011946734673637376","thisoneisforservicingStatesPartiesbetter"
"1018887229379416064","ibleTSmyreligion"
"1022266452307574785","YoungGronkCelticsHornetsNuggets"
"1022266452307574785","YoungGronkCelticsHornetsNuggets"
"1022266452307574785","YoungGronkCelticsHornetsNuggets"
"1022567508585455616","NatestooifIgetoneIâ€™mgonnagiveitawayonstreamtonight"
"1022567508585455616","NatestooifIgetoneIâ€™mgonnagiveitawayonstreamtonight"
"1022567508585455616","NatestooifIgetoneIâ€™mgonnagiveitawayonstreamtonight"
"1024831027536162821","1.1now.Ineeda50/20/20gameon100TS%soyoucanbea+iâ€¦"
"1024831027536162821","1.1now.Ineeda50/20/20gameon100TS%soyoucanbea+iâ€¦"
"1024831027536162821","1.1now.Ineeda50/20/20gameon100TS%soyoucanbea+iâ€¦"
"1024831027536162821","1.1now.Ineeda50/20/20gameon100TS%soyoucanbea+iâ€¦"
"1038990057971937280","ReadingUK#Escort#UnitedKingdom#UK#TS#SexyGirlâ€¦"
"1038990057971937280","ReadingUK#Escort#UnitedKingdom#UK#TS#SexyGirlâ€¦"
"1044007304822247425","HOLDTHELINEONLOWESTASK.STAYSTRONG.DONTUNDERCUTYOURFELLOWTSFRIENDS"
"1044955463400476673","OhMy"
"1044955463400476673","OhMy"
"1044955463400476673","OhMy"
"1057892540559572993","Swissoverthemsh*ts."
"1057892540559572993","Swissoverthemsh*ts."
"1057892540559572993","Swissoverthemsh*ts."
"1062858600664698880","10kts)"
"1067003048717950977","MARLEY"
"1067003048717950977","MARLEY"
"1067003048717950977","MARLEY"
"1078625113895985152","Dazza9"
"1078625113895985152","Dazza9"
"1078625113895985152","Dazza9"
"1078625113895985152","Dazza9"
"1078625113895985152","Dazza9"
"1078625113895985152","Dazza9"
"1081804285019484161","random_heroLike#1.7k+Manyougotthe1â€™seh?!Niceshowcase!"
"1081804285019484161","random_heroLike#1.7k+Manyougotthe1â€™seh?!Niceshowcase!"
"1081804285019484161","random_heroLike#1.7k+Manyougotthe1â€™seh?!Niceshowcase!"
"1086146383705296896","AgeNNortoN"
"1086146383705296896","AgeNNortoN"
"1086146383705296896","AgeNNortoN"
"1086146383705296896","AgeNNortoN"
"1086146383705296896","AgeNNortoN"
"1086146383705296896","AgeNNortoN"
"1086146383705296896","AgeNNortoN"
"1086146383705296896","AgeNNortoN"
"1088115224908124161","Gloccrivers"
"1090498878938406913","in"
"1090498878938406913","in"
"1090498878938406913","in"
"1093867231484788738","p"
"1093867231484788738","p"
"1093867231484788738","p"
"1093867231484788738","p"
"1096049589877161984","SumitmadansfatherAge"
"1096049589877161984","SumitmadansfatherAge"
"1096049589877161984","SumitmadansfatherAge"
"1101194231920631808","SizzleChest2056"
"1101194231920631808","SizzleChest2056"
"1101194231920631808","SizzleChest2056"
"1101194231920631808","SizzleChest2056"
"1101194231920631808","SizzleChest2056"
"1101194231920631808","SizzleChest2056"
"1101194231920631808","SizzleChest2056Thankyouforthegiveaway!"
"1101194231920631808","SizzleChest2056"
"1101194231920631808","SizzleChest2056"
"1101194231920631808","SizzleChest2056"
"1101194231920631808","SizzleChest2056Thankyouforthegiveaway!"
"1102343330900443136","0PPG0REBpAST0STL0/10/10ShootingSplits100TO0TS%200DefensiveRatingPlayerB"
"1103440440815116289","Packgod1"
"1103440440815116289","Packgod1"
"1103440440815116289","Packgod1"
"1103808036085420032","popularopinionFortniteisnotstupid.I'tskindoflikeitwasthoughtupbyagenius."
"1103808036085420032","popularopinionFortniteisnotstupid.I'tskindoflikeitwasthoughtupbyagenius."
"1103808036085420032","popularopinionFortniteisnotstupid.I'tskindoflikeitwasthoughtupbyagenius."
"1105098093689749505","FolkloreTS.Ibecameaswiftieafterherfolkindiepopera,butwouldrathereatdirtthanlistentoâ€¦"
"1108639230094389248","Diyojenix"
"1108639230094389248","Diyojenix"
"1108639230094389248","Diyojenix"
"1108639230094389248","Diyojenix"
"1108639230094389248","Diyojenix"
"1112957928334475264","Truenorthsolelikenumber1.9k&amp;85"
"1112957928334475264","Truenorthsolelikenumber1.9k&amp;85"
"1112957928334475264","Truenorthsolelikenumber1.9k&amp;85"
"1112957928334475264","Truenorthsolelikenumber1.9k&amp;85"
"1115344333757190145","justtellmeit'sokaytostillshopatLowes.Iwasn'taHDshopper,anyway."
"1125841516218466304","/"
"1126195884872687618","iDKHOWSetItOffAsItIsPlainWhiteTsNotaToyChaseAtlanticAndnowmynewfavethingâ€¦"
"1126195884872687618","iDKHOWSetItOffAsItIsPlainWhiteTsNotaToyChaseAtlanticAndnowmynewfavethingâ€¦"
"1126195884872687618","iDKHOWSetItOffAsItIsPlainWhiteTsNotaToyChaseAtlanticAndnowmynewfavethingâ€¦"
"1128424726609715201","stefanocurry8"
"1128424726609715201","stefanocurry8"
"1128424726609715201","stefanocurry8"
"1128424726609715201","stefanocurry8"
"1132367432578785280","tallchildaliven'tshisfishermanfriend"
"1144275720639864834","stevebambury"
"1146646709629440000","Katipo"
"1146646709629440000","Katipo"
"1146646709629440000","Katipo"
"1146674370787434497","UIGurjot"
"1146674370787434497","UIGurjot"
"1146674370787434497","UIGurjot"
"1148031949186879489","EasilythePelsThirdBâ€¦"
"1148031949186879489","EasilythePelsThirdBâ€¦"
"1148031949186879489","EasilythePelsThirdBâ€¦"
"1150565228444299264","JPrince3Youseriouslyrockman.ğŸ‘Š"
"1150565228444299264","JPrince3Youseriouslyrockman.ğŸ‘Š"
"1150565228444299264","JPrince3Youseriouslyrockman.ğŸ‘Š"
"1152671155448238081","15"
"1158398306650750976","folkloreReputationEvermoreSpeaknowRed/LoverFearlessTS"
"1158398306650750976","folkloreReputationEvermoreSpeaknowRed/LoverFearlessTS"
"1158398306650750976","folkloreReputationEvermoreSpeaknowRed/LoverFearlessTS"
"1166440880083034112","itâ€™snotalwayswantedorneeded!ğŸ™ŒğŸ½ğŸ™ŒğŸ»"
"1170995408169922561","tsthirdyearssotendoucanpestermeinâ€¦"
"1170995408169922561","tsthirdyearssotendoucanpestermeinâ€¦"
"1170995408169922561","tsthirdyearssotendoucanpestermeinâ€¦"
"1172219149600403456","("
"1174358130140073990","lighttoday22.04.2021TSAPOtriplet80mm"
"1174358130140073990","lighttoday22.04.2021TSAPOtriplet80mm"
"1174358130140073990","lighttoday22.04.2021TSAPOtriplet80mm"
"1175128658538745856","Honeybadger"
"1175128658538745856","Honeybadger"
"1175128658538745856","Honeybadger"
"1175128658538745856","Honeybadger"
"1175128658538745856","Honeybadger"
"1175128658538745856","Honeybadger"
"1175128658538745856","Honeybadger"
"1175128658538745856","Honeybadger"
"1175128658538745856","Honeybadger"
"1175128658538745856","Honeybadger"
"1175128658538745856","Honeybadger"
"1175128658538745856","Honeybadger"
"1175594927666995200","TS%&lt;56%,dunkattempts&gt;20,fouls/40&gt;2.5â€¦"
"1175594927666995200","TS%&lt;56%,dunkattempts&lt;20,fouls/40&lt;2.5,one"
"1177644894246096896","awhiLeonardrules"
"1177644894246096896","KawhiLeonardrules"
"1177644894246096896","KawhiLeonardrules"
"1179215418231123968","ihadaclassmatewhowasafanthissheaskedmetowatcâ€¦"
"1179215418231123968","ihadaclassmatewhowasafanthissheaskedmetowatcâ€¦"
"1179215418231123968","ihadaclassmatewhowasafanthissheaskedmetowatcâ€¦"
"1181301784192720896","APvikings28"
"1181301784192720896","APvikings28"
"1181301784192720896","APvikings28"
"1188879047905988609","SnpFox115"
"1188879047905988609","SnpFox40"
"1188879047905988609","SnpFox"
"1188879047905988609","SnpFox"
"1188879047905988609","SnpFoxThanks"
"1188879047905988609","SnpFoxThanks"
"1188879047905988609","SnpFox"
"1188879047905988609","SnpFox"
"1188879047905988609","SnpFox"
"1188879047905988609","SnpFox"
"1188879047905988609","SnpFox"
"1188879047905988609","SnpFox"
"1188879047905988609","SnpFox"
"1188879047905988609","SnpFox"
"1188879047905988609","SnpFox40"
"1188879047905988609","SnpFox"
"1188879047905988609","SnpFox115"
"1189683421213184002","villytoon"
"1189683421213184002","villytoon"
"1189683421213184002","villytoon"
"1190568402823331840","2"
"1190568402823331840","2"
"1192605592571064320","Richnglory"
"1192605592571064320","Richnglory"
"1192605592571064320","Richnglory"
"1196871212582014976","DubNation4everFavteams"
"1196871212582014976","DubNation4everFavteams"
"1196871212582014976","DubNation4everFavteams"
"1197613926361513984","fab47"
"1197613926361513984","fab47"
"1197613926361513984","fab47"
"1199163109254090753","MileyCyrus"
"1199163109254090753","TS"
"1208169491101827076","50EST.â€œpompeoistrumpsguyasheadofCâ€¦"
"1208503349496049664","stealLike#1.7kAwesomeshowcasebytheway!"
"1208503349496049664","stealLike#1.7kAwesomeshowcasebytheway!"
"1208503349496049664","stealLike#1.7kAwesomeshowcasebytheway!"
"1216181101099671553","Rahl"
"1216181101099671553","Rahl"
"1216181101099671553","Rahl"
"1222881250655993856","TSbelongswithmeğŸ’›ğŸ’›"
"1222881250655993856","TSbelongswithmeğŸ’›ğŸ’›"
"1222881250655993856","TSbelongswithmeğŸ’›ğŸ’›"
"1222881250655993856","TSbelongswithmeğŸ’›ğŸ’›"
"1222881250655993856","TSbelongswithmeğŸ’›ğŸ’›"
"1222881250655993856","TSbelongswithmeğŸ’›ğŸ’›"
"1222881250655993856","TSbelongswithmeğŸ’›ğŸ’›"
"1222881250655993856","TSbelongswithmeğŸ’›ğŸ’›"
"1224629549415026688","DB90A"
"1228307117305745408","Panayoti22]"
"1228307117305745408","Panayoti22]"
"1228307117305745408","Panayoti22]"
"1229094501379166211","1.Don'tgetangry2.Don'talwaysthink3.Don'ttalkaboutpolitics4.Don'tthinkyoucan'tlose5.Dâ€¦"
"1229094501379166211","1.Don'tgetangry2.Don'talwaysthink3.Don'ttalkaboutpolitics4.Don'tthinkyoucan'tlose5.Dâ€¦"
"1229094501379166211","1.Don'tgetangry2.Don'talwaysthink3.Don'ttalkaboutpolitics4.Don'tthinkyoucan'tlose5.Dâ€¦"
"1229094501379166211","1.Don'tgetangry2.Don'talwaysthink3.Don'ttalkaboutpolitics4.Don'tthinkyoucan'tlose5.Dâ€¦"
"1231421341770768385","getsillyğŸ™ŒğŸ™ŒğŸ™ŒğŸ™Œ"
"1231421341770768385","getsillyğŸ™ŒğŸ™ŒğŸ™ŒğŸ™Œ"
"1231421341770768385","getsillyğŸ™ŒğŸ™ŒğŸ™ŒğŸ™Œ"
"1231421341770768385","getsillyğŸ™ŒğŸ™ŒğŸ™ŒğŸ™Œ"
"1231421341770768385","getsillyğŸ™ŒğŸ™ŒğŸ™ŒğŸ™Œ"
"1232010324036878336","CaliBoiiThanks!"
"1232010324036878336","CaliBoiiGoodlucky'all"
"1232010324036878336","CaliBoiiGoodluck!"
"1232010324036878336","CaliBoiiGoodlucky'all"
"1232010324036878336","CaliBoiiThanks!"
"1232010324036878336","CaliBoiiThanks!"
"1232790917695799297","flightsfromWuhanandtheworldgov'tswereawareofâ€¦"
"1232790917695799297","flightsfromWuhanandtheworldgov'tswereawareofâ€¦"
"1232790917695799297","flightsfromWuhanandtheworldgov'tswereawareofâ€¦"
"1237815368154066946","sum2proveğŸ™"
"1237815368154066946","sum2proveğŸ™"
"1237815368154066946","sum2proveğŸ™"
"1240754080592642048","tsDimitri"
"1240754080592642048","tsDimitri"
"1240754080592642048","tsDimitri"
"1240754080592642048","tsDimitri"
"1242658353148461056","ArtWithKobe"
"1242658353148461056","ArtWithKobe"
"1242658353148461056","ArtWithKobe"
"1245839639207751680","bballs_lover"
"1245839639207751680","bballs_lover"
"1245839639207751680","bballs_lover"
"1247648042892906502","DBNETS"
"1247648042892906502","DBNETS"
"1247648042892906502","DBNETS"
"1247648042892906502","DBNETS"
"1247648042892906502","DBNETS"
"1247648042892906502","DBNETS"
"1247648042892906502","DBNETS"
"1249155347148935169","WandaTS"
"1249155347148935169","WandaTS"
"1249155347148935169","WandaTS"
"1249428545597657089","TSsceneswithrealsolidanimation.LikethisonefromThrillerBarkâ€¦"
"1252596675337740289","diedtoanothertsteamğŸ˜"
"1252596675337740289","diedtoanothertsteamğŸ˜"
"1252596675337740289","diedtoanothertsteamğŸ˜"
"1252969741469220864","Inexorable#6686503"
"1261968354170081281","youdontwantts"
"1264911276913950720","tsblockedme"
"1268109662152536064","commercebusinessIt'snotallmarketingFindyournicheFocusonthecustomeâ€¦"
"1268109662152536064","commercebusinessIt'snotallmarketingFindyournicheFocusonthecustomeâ€¦"
"1268109662152536064","commercebusinessIt'snotallmarketingFindyournicheFocusonthecustomeâ€¦"
"1268109662152536064","commercebusinessIt'snotallmarketingFindyournicheFocusonthecustomeâ€¦"
"1268488371992588289","(bacadongmami"
"1268488371992588289","(bacadongmami"
"1268488371992588289","(bacadongmami"
"1268488371992588289","(bacadongmami"
"1270244862164480000","Xxapplesauce"
"1270244862164480000","Xxapplesauce"
"1270244862164480000","Xxapplesauce"
"1270244862164480000","Xxapplesauce"
"1270244862164480000","Xxapplesauce"
"1270244862164480000","Xxapplesauce"
"1270244862164480000","Xxapplesauce"
"1270244862164480000","Xxapplesauce"
"1270244862164480000","Xxapplesauce"
"1270244862164480000","Xxapplesauce"
"1270244862164480000","Xxapplesauce"
"1270244862164480000","Xxapplesauce"
"1270244862164480000","Xxapplesauce"
"1270244862164480000","XxapplesauceIlikedyourshowcaseearlysonotsurewhatthe#was."
"1270244862164480000","Xxapplesauce"
"1270244862164480000","Xxapplesauce"
"1270244862164480000","Xxapplesauce"
"1270989378907590657","#hospitality#vietnam#hospitalityVietnam"
"1270989378907590657","#hospitality#vietnam#hospitalityVietnam"
"1270989378907590657","#hospitality#vietnam#hospitalityVietnam"
"1271601333427212289","ts"
"1272781060753874947","Dosanddonâ€™tsofsteamingtofightCOVIDâ€“TimesofIndia"
"1272781060753874947","Dosanddonâ€™tsofsteamingtofightCOVIDâ€“TimesofIndia"
"1272781060753874947","Dosanddonâ€™tsofsteamingtofightCOVIDâ€“TimesofIndia"
"1275552226090483712","Dom"
"1275552226090483712","Dom"
"1275552226090483712","Dom"
"1278177826005323777","Dosanddonâ€™tsofsteamingtofightCOVIDâ€“TimesofIndia"
"1278177826005323777","Dosanddonâ€™tsofsteamingtofightCOVIDâ€“TimesofIndia"
"1278177826005323777","Dosanddonâ€™tsofsteamingtofightCOVIDâ€“TimesofIndia"
"1280630914205220866","beforeiusedcheatcodesilookedlikethis!catilanpostts"
"1280630914205220866","beforeiusedcheatcodesilookedlikethis!catilanpostts"
"1280630914205220866","beforeiusedcheatcodesilookedlikethis!catilanpostts"
"1282064806053400581","TopShotDJTeam"
"1282064806053400581","TopShotDJTeam"
"1282064806053400581","TopShotDJTeam"
"1282887000559935489","yourfaceiseyelevelwithmyt*ts."
"1285394097168146433","MalikMonk"
"1285394097168146433","MalikMonk"
"1285394097168146433","MalikMonk"
"1288670750086279168","&gt;zourriallandts"
"1290297901113982979","Swifties"
"1293223139783200770","f"
"1295994348257988608","Dosanddonâ€™tsofsteamingtofightCOVID"
"1295994348257988608","Dosanddonâ€™tsofsteamingtofightCOVID"
"1295994348257988608","Dosanddonâ€™tsofsteamingtofightCOVID"
"1297249993661624320","gordonhaywardthxmate"
"1297249993661624320","gordonhaywardthxmate"
"1297249993661624320","gordonhaywardthxmate"
"1298485871092539392","chubbybealWizardsHornetsKnicks"
"1298485871092539392","chubbybealWizardsHornetsKnicks"
"1298485871092539392","chubbybealWizardsHornetsKnicks"
"1300200066825609216","betweenthe3sMavericksRaptorsGrizzlies"
"1300200066825609216","betweenthe3sMavericksRaptorsGrizzlies"
"1300200066825609216","betweenthe3sMavericksRaptorsGrizzlies"
"1301576460432543747","bestregardsfromtheBorissovsuporters!"
"1301576460432543747","bestregardsfromtheBorissovsuporters!"
"1301576460432543747","bestregardsfromtheBorissovsuporters!"
"1301576460432543747","bestregardsfromtheBorissovsuporters!"
"1303092715698126848","blue_lizard987Lakers,Pelicans,GSW"
"1303092715698126848","blue_lizard987Lakers,Pelicans,GSW"
"1303092715698126848","blue_lizard987Lakers,Pelicans,GSW"
"1303676374612287489","Stream"
"1303676374612287489","Stream"
"1306264109374210048","aidanwojTop3teams"
"1306264109374210048","aidanwojTop3teams"
"1306264109374210048","aidanwojTop3teams"
"1306266814335377410","thabizness"
"1306266814335377410","thabizness"
"1306266814335377410","thabizness"
"1306266814335377410","thabizness"
"1307977958565576704","#Toriesareuntrustworthy,self"
"1308754677367033857","surveyresultsin2ndpâ€¦"
"1308754677367033857","surveyresultsin2ndpâ€¦"
"1308754677367033857","surveyresultsin2ndpâ€¦"
"1308754677367033857","surveyresultsin2ndpâ€¦"
"1309233893137096706","warriorsblewathreeoneleadğŸ¤ğŸ»"
"1309233893137096706","warriorsblewathreeoneleadğŸ¤ğŸ»"
"1309233893137096706","warriorsblewathreeoneleadğŸ¤ğŸ»"
"1314412434069749761","underthezeehopeyougettherecognitiononyourshowcaseâ€¦"
"1314412434069749761","underthezeehopeyougettherecognitiononyourshowcaseâ€¦"
"1314412434069749761","underthezeehopeyougettherecognitiononyourshowcaseâ€¦"
"1315303451992174594","serving#BWCmastâ€¦"
"1316378843788251136","Stoffy"
"1316378843788251136","Stoffy"
"1316378843788251136","Stoffy"
"1316378843788251136","Stoffy"
"1316378843788251136","Stoffy"
"1319534416193069056","dortsinceday1"
"1319534416193069056","dortsinceday1"
"1319534416193069056","dortsinceday1"
"1321538376336609282","32.3PTS"
"1321579698112090114","bare"
"1330251002495315969","ts,allneedtakingout"
"1331666164745953295","("
"1331666164745953295","("
"1331666164745953295","("
"1332566147774996480","topshotboyâ€¦"
"1332566147774996480","topshotboy"
"1332566147774996480","topshotboyYoureblessed"
"1332566147774996480","topshotboyâ€¦"
"1332566147774996480","topshotboyâ€¦"
"1332566147774996480","topshotboy"
"1332566147774996480","topshotboy"
"1332566147774996480","topshotboy"
"1332566147774996480","topshotboy"
"1332566147774996480","topshotboy"
"1332566147774996480","topshotboy"
"1332566147774996480","topshotboy"
"1332566147774996480","topshotboy"
"1332566147774996480","topshotboy"
"1332566147774996480","topshotboy"
"1332566147774996480","topshotboyYoureblessed"
"1332566147774996480","topshotboy"
"1332566147774996480","topshotboy"
"1332566147774996480","topshotboy"
"1332566147774996480","topshotboy"
"1332566147774996480","topshotboy"
"1332566147774996480","topshotboy"
"1332566147774996480","topshotboy"
"1332566147774996480","topshotboy"
"1332566147774996480","topshotboy"
"1332566147774996480","topshotboy"
"1332566147774996480","topshotboy"
"1334226056509734912","MattKHeat31HeatNuggetsMavs.Thanksyou!"
"1334226056509734912","MattKHeat31thanksforthegiveawayopportunity!"
"1334226056509734912","MattKHeat31thanksforthegiveawayopportunity!"
"1334226056509734912","MattKHeat31HeatNuggetsMavs.Thanksyou!"
"1334226056509734912","creatoradmittingtheyhavecertainpeopletheywantgettingpacks,eventhoughitâ€™sâ€¦"
"1334226056509734912","creatoradmittingtheyhavecertainpeopletheywantgettingpacks,eventhoughitâ€™sâ€¦"
"1334226056509734912","MattKHeat31HeatNuggetsMavs.Thanksyou!"
"1334226056509734912","MattKHeat31#NBATopShot#giveaway"
"1334226056509734912","creatoradmittingtheyhavecertainpeopletheywantgettingpacks,eventhoughitâ€™sâ€¦"
"1334226056509734912","MattKHeat31#NBATopShot#giveaway"
"1334822920145625088","less,unc!vilisedsh!tsinthew0rld??Thesepe0pledonâ€¦"
"1334822920145625088","less,unc!vilisedsh!tsinthew0rld??Thesepe0pledonâ€¦"
"1334822920145625088","less,unc!vilisedsh!tsinthew0rld??Thesepe0pledonâ€¦"
"1335334345620430848","Studentloanforgivenesshasneverâ€¦"
"1335334345620430848","Studentloanforgivenesshasneverâ€¦"
"1335334345620430848","Studentloanforgivenesshasneverâ€¦"
"1336066327711281153","Jaamesgivemeapacknextdroporelse."
"1338569883273990144","25.1PPG5.2APG5.5RPG1.4SPG43.8FG%40.43P%91.6FT%60.3TS%PlayerB"
"1338639166804905985","GrapeSlayer"
"1338639166804905985","GrapeSlayer"
"1338639166804905985","GrapeSlayer"
"1340479170669924353","Dreikihere'smineâ™¥"
"1340479170669924353","Dreiki"
"1340479170669924353","Dreikihere'smineâ™¥"
"1340479170669924353","Dreiki"
"1340479170669924353","Dreiki"
"1341577636221513728","22.3PTS/754.1AST59.9TS%40.53PT%(8.33PA)50%midrangeFG%"
"1341577636221513728","22.3PTS/754.1AST59.9TS%40.53PT%(8.33PA)50%midrangeFG%"
"1341577636221513728","22.3PTS/754.1AST59.9TS%40.53PT%(8.33PA)50%midrangeFG%"
"1341577636221513728","22.3PTS/754.1AST59.9TS%40.53PT%(8.33PA)50%midrangeFG%"
"1341577636221513728","22.3PTS/754.1AST59.9TS%40.53PT%(8.33PA)50%midrangeFG%"
"1341577636221513728","22.3PTS/754.1AST59.9TS%40.53PT%(8.33PA)50%midrangeFG%"
"1341577636221513728","22.3PTS/754.1AST59.9TS%40.53PT%(8.33PA)50%midrangeFG%"
"1341577636221513728","22.3PTS/754.1AST59.9TS%40.53PT%(8.33PA)50%midrangeFG%"
"1342381558036979712","dadadariel"
"1342381558036979712","dadadariel"
"1342381558036979712","dadadariel"
"1342381558036979712","dadadariel"
"1342381558036979712","dadadariel"
"1342999606515347466","Knicks246(Knicks,Nets,Bulls)"
"1342999606515347466","Knicks246(Knicks,Nets,Bulls)"
"1342999606515347466","Knicks246(Knicks,Nets,Bulls)"
"1344670697138876417","johnnybahamas"
"1344670697138876417","johnnybahamasThankssomuchforthisawesome#NBATopShotâ€¦"
"1344670697138876417","johnnybahamas"
"1344670697138876417","johnnybahamasâ€¦"
"1344670697138876417","johnnybahamas"
"1344670697138876417","johnnybahamas"
"1344670697138876417","johnnybahamas"
"1344670697138876417","johnnybahamasâ€¦"
"1344670697138876417","johnnybahamasThankssomuchforthisawesome#NBATopShotâ€¦"
"1345514340292698114","ts"
"1345514340292698114","ts"
"1345514340292698114","ts"
"1345976939891232769","danvh"
"1345976939891232769","danvh"
"1345976939891232769","mcnasty525252"
"1345976939891232769","mcnasty525252"
"1345976939891232769","danvh"
"1345976939891232769","mcnasty525252"
"1346280409529798656","Tstock94"
"1346280409529798656","Tstock94"
"1346280409529798656","Tstock94"
"1347216304533610504","fearlessğŸ’½]&gt;buffy'sgirlfriend[minetoo?askâ“]&gt;spike'sbeâ€¦"
"1349504237605167110","28.6PPG4.2REB7.6AST43.9/37.5/92.6ShootingSplits61TS%24.9PER119DefensiveRatâ€¦"
"1349504237605167110","PlayerA"
"1349504237605167110","28.6PPG4.2REB7.6AST43.9/37.5/92.6ShootingSplits61TS%24.9PER119DefensiveRatâ€¦"
"1349504237605167110","PlayerA"
"1349504237605167110","35.4PPG5.3REB4.5AST1.8STL0.5BLK45/35/85ShootingSplits56TS%105DefensiveRatâ€¦"
"1349504237605167110","28.6PPG4.2REB7.6AST43.9/37.5/92.6ShootingSplits61TS%24.9PER119DefensiveRatâ€¦"
"1349504237605167110","PlayerA"
"1349504237605167110","PlayerA"
"1349504237605167110","PlayerA"
"1349504237605167110","PlayerA"
"1351559096382746624","49MINUTES!!!SEVEN(7)"
"1351559096382746624","49MINUTES!!!SEVEN(7)"
"1351559096382746624","42MINUTES!!!TEN(10)"
"1351559096382746624","42MINUTES!!!TEN(10)"
"1351559096382746624","49MINUTES!!!SEVEN(7)"
"1351559096382746624","42MINUTES!!!TEN(10)"
"1352494260994465792","GUARDIANSBrotherhood"
"1352494260994465792","GUARDIANSBrotherhood"
"1352494260994465792","GUARDIANSBrotherhood"
"1353043127414743041","tsasimplesolâ€¦"
"1353043127414743041","tsasimplesolâ€¦"
"1353043127414743041","tsasimplesolâ€¦"
"1354023153538723840","okallday"
"1354023153538723840","okallday"
"1354023153538723840","okallday"
"1354111680699985920","20088.9PTS/7551.9%eFG(40.6%3P)53.0%TSâ€¢EliteShooterâ€¢ElitePerimeterDefenderâ€¢Topâ€¦"
"1354111680699985920","20088.9PTS/7551.9%eFG(40.6%3P)53.0%TSâ€¢EliteShooterâ€¢ElitePerimeterDefenderâ€¢Topâ€¦"
"1354111680699985920","2011Season)14.8PPG8.7RPG56.8%eFG(38.2%3P)58.9%TSCareerHighineFG%anâ€¦"
"1354111680699985920","20088.9PTS/7551.9%eFG(40.6%3P)53.0%TSâ€¢EliteShooterâ€¢ElitePerimeterDefenderâ€¢Topâ€¦"
"1354527403687735302","VitReb"
"1354550929413070851","Always_Buffering(andnoyoucannothavemyCP3sğŸ¤ŸğŸ»ğŸ¤£"
"1354550929413070851","Always_Buffering(andnoyoucannothavemyCP3sğŸ¤ŸğŸ»ğŸ¤£"
"1354550929413070851","Always_Buffering(andnoyoucannothavemyCP3sğŸ¤ŸğŸ»ğŸ¤£"
"1354619404307345408","LEBRONJAMESCOSMIC#41/49willbeauctionedbyforTSuser"
"1355556045024854019","DoubleHelix"
"1355556045024854019","DoubleHelix"
"1355556045024854019","DoubleHelix"
"1355556045024854019","DoubleHelix"
"1355556045024854019","DoubleHelix"
"1355556045024854019","DoubleHelix"
"1355556045024854019","DoubleHelix"
"1355556045024854019","DoubleHelix"
"1355556045024854019","DoubleHelix"
"1355556045024854019","DoubleHelix"
"1355556045024854019","DoubleHelix"
"1355556045024854019","DoubleHelix"
"1357264056470634496","RunningOrderVoting"
"1357358228531793921","FastLanevia"
"1357358228531793921","FastLanevia"
"1357358228531793921","FastLanevia"
"1357702882313842689","54TSwithWestbrookoff53TSwithWestbrookon2017"
"1357702882313842689","54TSwithWestbrookoff53TSwithWestbrookon2017"
"1357702882313842689","14withthe10"
"1357702882313842689","14withthe10"
"1357702882313842689","54TSwithWestbrookoff53TSwithWestbrookon2017"
"1357702882313842689","14withthe10"
"1357702882313842689","54TSwithWestbrookoff53TSwithWestbrookon2017"
"1357702882313842689","54TSwithWestbrookoff53TSwithWestbrookon2017"
"1357702882313842689","54TSwithWestbrookoff53TSwithWestbrookon2017"
"1358878752688771072","slukyğŸ¥°"
"1358878752688771072","slukyğŸ¥°"
"1358878752688771072","slukyğŸ¥°"
"1358878752688771072","slukyğŸ¥°"
"1359193830889828356","JordanBelfortandfavteamsaresixers,kings,pels"
"1359193830889828356","JordanBelfortandfavteamsaresixers,kings,pels"
"1359193830889828356","JordanBelfortandfavteamsaresixers,kings,pels"
"1359950614629920770","WebRedemption33"
"1359950614629920770","WebRedemption33"
"1359950614629920770","WebRedemption33"
"1360404141005180928","LawmakersCallforImmediateFreezeonU.S.FundingtoPalestinianRefugeeAgency"
"1360404141005180928","LawmakersCallforImmediateFreezeonU.S.FundingtoPalestinianRefugeeAgency"
"1360404141005180928","LawmakersCallforImmediateFreezeonU.S.FundingtoPalestinianRefugeeAgency"
"1362222027478880262","dwalk444GLall"
"1362222027478880262","dwalk444GLall"
"1362222027478880262","dwalk444GLall"
"1362690104180035584","1619106472,""height"""
"1362690104180035584","1619106518,""height"""
"1362690104180035584","1619107431,""height"""
"1362690104180035584","1619107631,""height"""
"1362690104180035584","1619108284,""height"""
"1362690104180035584","1619108284,""height"""
"1362690104180035584","1619107631,""height"""
"1362690104180035584","1619107431,""height"""
"1362690104180035584","1619109828,""height"""
"1362690104180035584","1619106518,""height"""
"1362690104180035584","1619110305,""height"""
"1362690104180035584","1619110536,""height"""
"1362690104180035584","1619106472,""height"""
"1362690104180035584","1619111386,""height"""
"1362690104180035584","1619112158,""height"""
"1362690104180035584","1619112453,""height"""
"1362690104180035584","1619113856,""height"""
"1362690104180035584","1619115662,""height"""
"1362690104180035584","1619116076,""height"""
"1362690104180035584","1619116410,""height"""
"1362690104180035584","1619116310,""height"""
"1362690104180035584","1619116340,""height"""
"1362690104180035584","1619117064,""height"""
"1362690104180035584","1619106472,""height"""
"1362690104180035584","1619106518,""height"""
"1362690104180035584","1619107431,""height"""
"1362690104180035584","1619107631,""height"""
"1362690104180035584","1619108284,""height"""
"1362690104180035584","1619109828,""height"""
"1362690104180035584","1619110305,""height"""
"1362690104180035584","1619110536,""height"""
"1362690104180035584","1619111386,""height"""
"1362690104180035584","1619112158,""height"""
"1362690104180035584","1619112453,""height"""
"1362690104180035584","1619113856,""height"""
"1362690104180035584","1619115662,""height"""
"1362690104180035584","1619116076,""height"""
"1362690104180035584","1619116310,""height"""
"1362690104180035584","1619116340,""height"""
"1362690104180035584","1619116410,""height"""
"1362690104180035584","1619117064,""height"""
"1362690104180035584","1619106472,""height"""
"1362690104180035584","1619106518,""height"""
"1362690104180035584","1619107431,""height"""
"1362690104180035584","1619107631,""height"""
"1362690104180035584","1619108284,""height"""
"1362690104180035584","1619109828,""height"""
"1362690104180035584","1619110305,""height"""
"1362690104180035584","1619110536,""height"""
"1362690104180035584","1619111386,""height"""
"1362690104180035584","1619112158,""height"""
"1362690104180035584","1619112453,""height"""
"1362690104180035584","1619113856,""height"""
"1362690104180035584","1619115662,""height"""
"1362690104180035584","1619116076,""height"""
"1362690104180035584","1619116410,""height"""
"1362690104180035584","1619116310,""height"""
"1362690104180035584","1619116340,""height"""
"1362690104180035584","1619117064,""height"""
"1362690104180035584","1619118651,""height"""
"1362690104180035584","1619119241,""height"""
"1362690104180035584","1619119147,""height"""
"1362690104180035584","1619119316,""height"""
"1362690104180035584","1619119356,""height"""
"1362690104180035584","1619119524,""height"""
"1362690104180035584","1619120335,""height"""
"1362690104180035584","1619120248,""height"""
"1362690104180035584","1619120590,""height"""
"1362690104180035584","1619120601,""height"""
"1362690104180035584","1619120755,""height"""
"1362690104180035584","1619120880,""height"""
"1362690104180035584","1619121091,""height"""
"1362690104180035584","1619121475,""height"""
"1362690104180035584","1619122410,""height"""
"1362690104180035584","1619122484,""height"""
"1362690104180035584","1619122858,""height"""
"1362690104180035584","1619123577,""height"""
"1362690104180035584","1619123761,""height"""
"1362690104180035584","1619125005,""height"""
"1362690104180035584","1619125200,""height"""
"1362690104180035584","1619126530,""height"""
"1362690104180035584","1619126690,""height"""
"1362690104180035584","1619127414,""height"""
"1362690104180035584","1619127663,""height"""
"1362690104180035584","1619127642,""height"""
"1362690104180035584","1619129050,""height"""
"1362690104180035584","1619129814,""height"""
"1362690104180035584","1619130643,""height"""
"1362690104180035584","1619130851,""height"""
"1362690104180035584","1619131095,""height"""
"1362690104180035584","1619132183,""height"""
"1362690104180035584","1619132545,""height"""
"1362789610305310721","HUSKY_MONKEY"
"1362789610305310721","HUSKY_MONKEY"
"1362789610305310721","HUSKY_MONKEY"
"1363595967694520323","Youssef"
"1363595967694520323","Youssef"
"1363595967694520323","Youssef"
"1363701234784370694","DavisDope"
"1363701234784370694","DavisDope"
"1363701234784370694","DavisDope"
"1363809843786772486","Mats"
"1363809843786772486","Mats"
"1363809843786772486","Mats"
"1363809843786772486","Mats"
"1363809843786772486","Mats"
"1363809843786772486","Mats"
"1364188432055033860","PClikeamonthagoandI'msaltyaboutit.Igotagooddealonit,butstill."
"1364676283561517059","0ne"
"1364676283561517059","0ne"
"1364676283561517059","0ne"
"1365176714448441351","2"
"1365176714448441351","2"
"1365176714448441351","2"
"1366119818282360833","RunningOutOfInterestingthanks!"
"1366119818282360833","RunningOutOfInterestingthanks!"
"1366119818282360833","RunningOutOfInterestingthanks!"
"1366159969448509441","RomanAboutYT"
"1366159969448509441","RomanAboutYT"
"1366159969448509441","RomanAboutYT"
"1366262107918901249","amazingaims"
"1366262107918901249","amazingaims"
"1366262107918901249","amazingaims"
"1366522520816345088","jopman"
"1366522520816345088","jopman"
"1366522520816345088","jopman"
"1366532802888491010","jochemla"
"1366532802888491010","jochemla"
"1366532802888491010","jochemla"
"1366532802888491010","jochemla"
"1366897202103263236","Benny_10ğŸ§¡ğŸ’™"
"1366897202103263236","Benny_10ğŸ§¡ğŸ’™"
"1366897202103263236","Benny_10ğŸ§¡ğŸ’™"
"1367620977887240197","empowerSsandTstouse#pbl&amp;#designthinking(inclass&amp;forPD)todesignsolutions."
"1367620977887240197","empowerSsandTstouse#pbl&amp;#designthinking(inclass&amp;forPD)todesignsolutions."
"1367620977887240197","empowerSsandTstouse#pbl&amp;#designthinking(inclass&amp;forPD)todesignsolutions."
"1367631536556806144","theyreallydidgetEVERYTHINGright"
"1367631536556806144","theyreallydidgetEVERYTHINGright"
"1367631536556806144","theyreallydidgetEVERYTHINGright"
"1367908822665342979","aar212"
"1368064174044155904","rollinroosevelt"
"1368583594449453057","Richet567seeyouallinafew"
"1368583594449453057","Richet567seeyouallinafew"
"1368583594449453057","Richet567seeyouallinafew"
"1368603617935167492","Goyanks7777"
"1368603617935167492","Goyanks7777"
"1368603617935167492","Goyanks7777"
"1368603617935167492","Goyanks7777"
"1368603617935167492","Goyanks7777"
"1368603617935167492","Goyanks7777"
"1368603617935167492","Goyanks7777"
"1368603617935167492","Goyanks7777"
"1368603617935167492","Goyanks7777"
"1368603617935167492","Goyanks7777"
"1368603617935167492","Goyanks7777"
"1368603617935167492","Goyanks7777"
"1368603617935167492","Goyanks7777"
"1368603617935167492","Goyanks7777"
"1368603617935167492","Goyanks7777"
"1368603617935167492","Goyanks7777"
"1368687962565660675","PaperTossKobeeeeeeeeLikeditbro"
"1368687962565660675","PaperTossKobeeeeeeeeLikeditbro"
"1368687962565660675","PaperTossKobeeeeeeeeLikeditbro"
"1368691529875881992","milly_shot"
"1368691529875881992","milly_shot"
"1368691529875881992","milly_shot"
"1368743292993740800","â€¢19Points/75â€¢12Rebounds/75â€¢63%TS(+6rTS)â€¦"
"1369049486174023684","thekingfam2021"
"1369049486174023684","thekingfam2021"
"1369049486174023684","thekingfam2021"
"1369310402144788481","DoNot_Pop"
"1369310402144788481","DoNot_Pop"
"1369310402144788481","DoNot_Pop"
"1369310402144788481","DoNot_Pop"
"1369518451224547330","d3tails"
"1369518451224547330","d3tails"
"1369518451224547330","d3tails"
"1369917726999928841","SpideyDanly"
"1369917726999928841","SpideyDanly"
"1369917726999928841","SpideyDanly"
"1370063309441994752","Iron_Spider"
"1370063309441994752","Iron_Spider"
"1370063309441994752","Iron_Spider"
"1370063309441994752","Iron_Spider"
"1370063309441994752","Iron_Spider"
"1370063309441994752","Iron_Spider"
"1370063309441994752","Iron_Spider"
"1370063309441994752","Iron_Spider"
"1370063309441994752","Iron_Spider"
"1370063309441994752","Iron_Spider"
"1370063309441994752","Iron_Spider"
"1370170363255078912","PjSwiss"
"1370170363255078912","PjSwissKnicks,Mavericks,Nuggets"
"1370170363255078912","PjSwiss"
"1370170363255078912","PjSwiss"
"1370170363255078912","PjSwiss"
"1370170363255078912","PjSwissAppreciateit!"
"1370170363255078912","PjSwissAppreciateit!"
"1370170363255078912","PjSwissKnicks,Mavericks,Nuggets"
"1370170363255078912","PjSwiss"
"1370170363255078912","PjSwiss"
"1370170363255078912","PjSwiss"
"1370170363255078912","PjSwiss"
"1370170363255078912","PjSwiss"
"1370170363255078912","PjSwiss"
"1370170363255078912","PjSwiss"
"1370170363255078912","PjSwiss"
"1370170363255078912","PjSwiss"
"1370170363255078912","PjSwiss"
"1370170363255078912","PjSwiss"
"1370170363255078912","PjSwiss"
"1370170363255078912","PjSwiss"
"1370170363255078912","PjSwiss"
"1370170363255078912","PjSwiss"
"1370170363255078912","PjSwiss"
"1370170363255078912","PjSwiss"
"1370170363255078912","PjSwiss"
"1370170363255078912","PjSwiss"
"1370170363255078912","PjSwiss"
"1370170363255078912","PjSwiss"
"1370170363255078912","PjSwiss"
"1370170363255078912","PjSwiss"
"1370170843586772992","Kiel17#1.9k/1.9kThatisa1collectionyougotthere!"
"1370170843586772992","Kiel17#1.9k/1.9kThatisa1collectionyougotthere!"
"1370170843586772992","Kiel17#1.9k/1.9kThatisa1collectionyougotthere!"
"1370170843586772992","Kiel17#1.9k/1.9kThatisa1collectionyougotthere!"
"1370285953869357059","WoodyUnchained"
"1370285953869357059","Lakers,Mavericks,Suns"
"1370285953869357059","WoodyUnchained"
"1370285953869357059","WoodyUnchained"
"1370285953869357059","WoodyUnchained"
"1370285953869357059","WoodyUnchained"
"1370285953869357059","WoodyUnchained"
"1370285953869357059","WoodyUnchained"
"1370285953869357059","Lakers,Mavericks,Suns"
"1370419683699081218","MT25"
"1370419683699081218","MT25"
"1370419683699081218","MT25"
"1370462901228683270","DayOldPizzaSurprise"
"1370462901228683270","DayOldPizzaSurprise"
"1370462901228683270","DayOldPizzaSurprise"
"1370854572277780483","StackzBallin"
"1370854572277780483","StackzBallin"
"1370854572277780483","StackzBallin"
"1370854572277780483","StackzBallin"
"1370963205623795713","HowlWolves,Hornets,Suns"
"1370963205623795713","HowlWolves,Hornets,Suns"
"1370963205623795713","HowlWolves,Hornets,Suns"
"1371178891650473992","Beebs15"
"1371178891650473992","Beebs15"
"1371178891650473992","Beebs15"
"1371205031332999169","I'dreallyappreciatesomeğŸ”¥backplease!Here'smine"
"1371205031332999169","I'dreallyappreciatesomeğŸ”¥backplease!Here'smine"
"1371205031332999169","I'dreallyappreciatesomeğŸ”¥backplease!Here'smine"
"1371811443197145088","SwiSHa_SteVE"
"1371845149941194753","Zach8866"
"1371845149941194753","Zach8866"
"1371845149941194753","Zach8866"
"1372234627709014031","joyceepugTS"
"1372234627709014031","joyceepugTS"
"1372234627709014031","joyceepugTS"
"1372333623706324993","DTS"
"1372333623706324993","fmdsantos23"
"1372333623706324993","fmdsantos23"
"1372333623706324993","fmdsantos23"
"1372333623706324993","DTS"
"1372333849208836096","bitterfxck"
"1372333849208836096","bitterfxck"
"1372333849208836096","bitterfxck"
"1372365834895699974","SpongebobSquarepacks"
"1372365834895699974","SpongebobSquarepacks"
"1372365834895699974","SpongebobSquarepacks"
"1372365834895699974","SpongebobSquarepacks1.7k+"
"1372365834895699974","SpongebobSquarepacks1.7k+"
"1372501704021835777","and1mixtapeofficial"
"1372501704021835777","and1mixtapeofficial"
"1372501704021835777","and1mixtapeofficial"
"1372517274796449798","OtisVN"
"1372517274796449798","OtisVN"
"1372517274796449798","OtisVN"
"1372672882531307528","no_budgetKEEPUP!!ALLTHEBEST!!!"
"1372672882531307528","no_budget"
"1372672882531307528","126TS"
"1372672882531307528","no_budgetKEEPUP!!ALLTHEBEST!!!"
"1372672882531307528","no_budget"
"1372672882531307528","126TS"
"1372672882531307528","no_budgetKEEPUP!!ALLTHEBEST!!!"
"1372792487312429056","Abscissa"
"1372792487312429056","Abscissa"
"1372792487312429056","Abscissa"
"1372853795495944192","theryanman"
"1372853795495944192","theryanman"
"1372853795495944192","theryanman"
"1372853795495944192","theryanman"
"1372853795495944192","theryanman"
"1372853795495944192","TS"
"1372853795495944192","theryanman"
"1372853795495944192","theryanman"
"1372853795495944192","theryanman"
"1372853795495944192","TS"
"1372853795495944192","theryanman"
"1372853795495944192","theryanman"
"1372853795495944192","theryanman"
"1372853795495944192","theryanman"
"1372853795495944192","theryanman"
"1372853795495944192","theryanman"
"1372853795495944192","theryanman"
"1372853795495944192","theryanman"
"1372853795495944192","theryanman"
"1372853795495944192","theryanman"
"1372853795495944192","theryanman"
"1372853795495944192","theryanman"
"1372853795495944192","theryanman"
"1372853795495944192","theryanman"
"1372853795495944192","theryanman"
"1372853795495944192","TS"
"1372853795495944192","theryanman"
"1372853795495944192","theryanman"
"1372853795495944192","theryanman"
"1372853795495944192","theryanman"
"1372853795495944192","theryanman"
"1372912755108413443","milwaukeepaul"
"1372912755108413443","milwaukeepaul"
"1372912755108413443","milwaukeepaul"
"1373191989848510464","MickxsIwanttojoininyourdiscord!!Seemslikeafunplacetobe!"
"1373191989848510464","MickxsWouldreallyappreciateagifttostartmyday!!"
"1373191989848510464","MickxsWouldreallyappreciateagifttostartmyday!!"
"1373191989848510464","MickxsIwanttojoininyourdiscord!!Seemslikeafunplacetobe!"
"1373191989848510464","MickxsWouldreallyappreciateagifttostartmyday!!"
"1373191989848510464","MickxsThanksfortheopportunity!"
"1373191989848510464","MickxsThanksfortheopportunity!"
"1373364740295168006","54TSwithWestbrookoff53TSwithWestbrookon2017"
"1373364740295168006","54TSwithWestbrookoff53TSwithWestbrookon2017"
"1373364740295168006","54TSwithWestbrookoff53TSwithWestbrookon2017"
"1373670816466964481","theaabishop"
"1373670816466964481","theaabishop"
"1373670816466964481","theaabishop"
"1373743083356061698","mankBulls,Cavaliers,Suns"
"1373743083356061698","mankBulls,Cavaliers,Suns"
"1373743083356061698","mankBulls,Cavaliers,Suns"
"1373995300881240069","dopepope"
"1373995300881240069","dopepope"
"1373995300881240069","dopepope"
"1374093889561313282",")"
"1374093889561313282",")"
"1374097709876064263","BLN_SGGreetingsfromGermanyğŸ€"
"1374097709876064263","BLN_SGGreetingsfromGermanyğŸ€"
"1374097709876064263","BLN_SGGreetingsfromGermanyğŸ€"
"1374103442940071937","PI3ON"
"1374103442940071937","PI3ON"
"1374103442940071937","PI3ON"
"1374935576332304385","ddv"
"1374935576332304385","ddv"
"1374935576332304385","ddv"
"1374935576332304385","ddv"
"1375059204398936070","ingasmarvelcharacters.AndjustwaitforthatğŸ˜"
"1375105744467488769","Luckyboy1790"
"1375105744467488769","Luckyboy1790"
"1375256954134749190","MountainMama1337"
"1375872740377387011","attackontopshot"
"1375872740377387011","attackontopshot"
"1375872740377387011","topshotboy"
"1375872740377387011","attackontopshot"
"1375872740377387011","attackontopshot"
"1375872740377387011","attackontopshot"
"1375872740377387011","attackontopshot"
"1375872740377387011","attackontopshot"
"1375872740377387011","attackontopshot"
"1375916452750970896","cjdel77.Thankyoufortheopportunity!!!"
"1375916452750970896","cjdel77.Thankyoufortheopportunity!!!"
"1375916452750970896","cjdel77.Thankyoufortheopportunity!!!"
"1376188661960744967","RedRabbitğŸ¤ğŸ¼"
"1376188661960744967","RedRabbit"
"1376188661960744967","RedRabbit"
"1376188661960744967","RedRabbit"
"1376188661960744967","RedRabbit"
"1376188661960744967","RedRabbit"
"1376188661960744967","RedRabbit"
"1376188661960744967","RedRabbit"
"1376188661960744967","RedRabbit"
"1376188661960744967","RedRabbitğŸ¤ğŸ¼"
"1376188661960744967","RedRabbit"
"1376281348441309192","TopShotPlug"
"1376281348441309192","TopShotPlug"
"1376281348441309192","TopShotPlug"
"1376616695092023296","7to10daystoâ€¦"
"1377155945436901380","Xxapplesauce"
"1377155945436901380","Booty_n_beastTwolvesaremyteamsothiswouldbesick."
"1377155945436901380","Booty_n_beast"
"1377155945436901380","Booty_N_beast"
"1377155945436901380","TopShotHotBoyDManTS"
"1377155945436901380","Xxapplesauce"
"1377155945436901380","Booty_n_beast"
"1377155945436901380","Booty_n_beast"
"1377155945436901380","Booty_N_beast"
"1377155945436901380","TopShotHotBoyDManTS"
"1377155945436901380","TopShotHotBoyDManTS"
"1377155945436901380","Booty_N_beast"
"1377155945436901380","Booty_n_beast"
"1377155945436901380","Booty_N_beast"
"1377155945436901380","Booty_N_beast"
"1377197945142018048","luca_berries"
"1377197945142018048","luca_berries"
"1377197945142018048","luca_berries"
"1377753561854001154","Fins4Life"
"1377753561854001154","Fins4Life"
"1377753561854001154","Fins4Life"
"1378139611893915650","rickkagemoto"
"1378139611893915650","rickkagemoto"
"1378139611893915650","rickkagemotothanksforthegiveaway!"
"1378139611893915650","rickkagemoto"
"1378139611893915650","rickkagemoto"
"1378139611893915650","rickkagemoto"
"1378139611893915650","rickkagemoto"
"1378139611893915650","rickkagemoto"
"1378139611893915650","rickkagemoto"
"1378139611893915650","rickkagemotothanksforthegiveaway!"
"1378139611893915650","rickkagemoto"
"1378139611893915650","rickkagemoto"
"1378139611893915650","rickkagemoto"
"1378139611893915650","rickkagemoto"
"1378139611893915650","rickkagemoto"
"1378139611893915650","rickkagemoto"
"1378139611893915650","rickkagemoto"
"1378139611893915650","rickkagemoto"
"1378139611893915650","rickkagemoto"
"1378456930092511236","383P%"
"1378456930092511236","383P%"
"1378456930092511236","383P%"
"1379205228139012099","â—27.3PPGâ—11.9RPGâ—3.6APGâ—1.6SPGâ—3.7BPGâ—52/41/71splitsâ—56%TSHewoâ€¦"
"1379205228139012099","â—27.3PPGâ—11.9RPGâ—3.6APGâ—1.6SPGâ—3.7BPGâ—52/41/71splitsâ—56%TSHewoâ€¦"
"1379205228139012099","â—27.3PPGâ—11.9RPGâ—3.6APGâ—1.6SPGâ—3.7BPGâ—52/41/71splitsâ—56%TSHewoâ€¦"
"1379534278166343681","cleverğŸ€"
"1379534278166343681","cleverğŸ€"
"1379534278166343681","cleverğŸ€"
"1379797916185935872","TheWinâ€¦"
"1379903050437906433","chaser_pdx"
"1379903050437906433","chaser_pdx"
"1379903050437906433","chaser_pdx"
"1379986005856489474","Rustleâ€¦"
"1379986005856489474","Rustlemania17"
"1379986005856489474","Rustlemania17"
"1379986005856489474","Rustlemania17"
"1379986005856489474","Rustlemania17"
"1379986005856489474","Rustlemania17#TuckFrump"
"1379986005856489474","Rustlemania17"
"1379986005856489474","Rustleâ€¦"
"1379986005856489474","Rustlemania17"
"1379986005856489474","Rustlemania17#TuckFrump"
"1379986005856489474","Rustlemania17"
"1379986005856489474","Rustlemania17"
"1380285755537436672","BeagleBuddy"
"1380285755537436672","BeagleBuddy"
"1380285755537436672","BeagleBuddy"
"1380363832036499458","gm_boctilğŸ”¥"
"1380363832036499458","gm_boctilğŸ”¥"
"1380363832036499458","gm_boctil"
"1380363832036499458","gm_boctilğŸ”¥"
"1380363832036499458","gm_boctil"
"1380363832036499458","gm_boctil"
"1380363832036499458","gm_boctil"
"1380494936760442884","conductingexamâ€¦"
"1380494936760442884","conductingexamâ€¦"
"1380494936760442884","conductingexamâ€¦"
"1381310744633954306","rodelliBeenintheDiscord!"
"1381310744633954306","rodelliBeenintheDiscord!"
"1381310744633954306","rodelliIhavenobeefwithLALgettingcarvedup"
"1381310744633954306","rodelliIhavenobeefwithLALgettingcarvedup"
"1381310744633954306","rodelli"
"1381310744633954306","rodelliHopefullymyfollowerspickupalittle.RecentlycreatedthisaccountforTS/NFTetconly"
"1381310744633954306","rodelliIhavenobeefwithLALgettingcarvedup"
"1381310744633954306","rodelli"
"1381416209871085571","sniffingwolf"
"1381416209871085571","sniffingwolf"
"1381416209871085571","sniffingwolf"
"1381442911741468672","SanDiego_ClippersğŸ¤™"
"1381442911741468672","SanDiego_ClippersğŸ¤™"
"1381442911741468672","SanDiego_ClippersğŸ¤™"
"1381485012101529602","yooohhh"
"1381485012101529602","yooohhh"
"1381485012101529602","yooohhh"
"1381576492157558786","drip0212"
"1381576492157558786","drip0212"
"1381576492157558786","drip0212"
"1381576492157558786","drip0212"
"1381576492157558786","drip0212"
"1381576492157558786","drip0212"
"1381576492157558786","drip0212"
"1381756433474187269","citypulse"
"1381756433474187269","citypulse"
"1381756433474187269","citypulse"
"1381814787147853826","mpaps"
"1381814787147853826","mpaps"
"1381814787147853826","mpaps"
"1381814787147853826","mpaps"
"1381814787147853826","mpaps"
"1381814787147853826","mpaps"
"1381814787147853826","mpaps"
"1381814787147853826","mpaps"
"1381814787147853826","mpaps"
"1381849901911302144","36kPacksLocked"
"1381849901911302144","36kPacksLocked"
"1381849901911302144","36kPacksLocked"
"1381849901911302144","36kPacksLocked"
"1381849901911302144","36kpackslocked"
"1381849901911302144","36kpackslocked"
"1381996194549923851","Independentmindedcat,sh*tsoutsidethebox."
"1381996194549923851","Independentmindedcat,sh*tsoutsidethebox."
"1382038398790209537",")GLTS"
"1382038398790209537",")GLTS"
"1382038398790209537",")GLTS"
"1382047871067901955","bentaylor"
"1382047871067901955","bentaylor"
"1382047871067901955","bentaylor"
"1382047871067901955","bentaylor"
"1382047871067901955","bentaylor"
"1382110785401421830","shootyhoops"
"1382110785401421830","shootyhoops"
"1382110785401421830","shootyhoops"
"1382314942783717381","Sydthekid71"
"1382314942783717381","Sydthekid71"
"1382314942783717381","Sydthekid71"
"1382365034039406597","Manymore"
"1382365034039406597","Manymore"
"1382365034039406597","Manymore"
"1382365034039406597","Manymore"
"1382365034039406597","Manymore"
"1382365034039406597","Manymore"
"1382433297859420162","AWPticalHaveagreatevening!"
"1382435924806623232","Shaunfish15"
"1382435924806623232","Shaunfish15"
"1382435924806623232","Shaunfish15donâ€™tfeellikeyouhavetodothatman.IjustwantedtosendyousomelovecauseIkâ€¦"
"1382435924806623232","Shaunfish15"
"1382435924806623232","Shaunfish15"
"1382435924806623232","Shaunfish15"
"1382435924806623232","Shaunfish15"
"1382435924806623232","Shaunfish15donâ€™tfeellikeyouhavetodothatman.IjustwantedtosendyousomelovecauseIkâ€¦"
"1382435924806623232","Shaunfish15"
"1382435924806623232","Shaunfish15"
"1382561455577370625","ts"
"1382561455577370625","ts"
"1382661798772449281","bmdpinedaBestofluckwiththepackdrop!!"
"1382661798772449281","bmdpinedaBestofluckwiththepackdrop!!"
"1382661798772449281","bmdpinedaBestofluckwiththepackdrop!!"
"1383428415982768136","MichiganTS"
"1383428415982768136","MichiganTS"
"1383428415982768136","MichiganTS"
"1383428415982768136","MichiganTS"
"1383428415982768136","MichiganTS"
"1383428415982768136","MichiganTS"
"1383428415982768136","MichiganTS"
"1383428415982768136","MichiganTS"
"1383428415982768136","MichiganTS"
"1383428415982768136","MichiganTS"
"1383428415982768136","MichiganTS"
"1383682913221283842","cre8imagePleaselike/followme~"
"1383682913221283842","cre8imagePleaselike/followme~"
"1383682913221283842","cre8imagePleaselike/followme~"
"1383773079352926211","jbfor3Favplayer"
"1383773079352926211","jbfor3"
"1383870857739575296","T_dogg23"
"1383870857739575296","T_dogg23"
"1383870857739575296","T_dogg23"
"1383870857739575296","TS"
"1384671025879666690","benjiesomewherein1.9k"
"1384671025879666690","benjiesomewherein1.9k"
"1385202731720261633","thedrake24"
"1385202731720261633","thedrake24"
"1385202731720261633","thedrake24"
"1385274072112664583","TSHariKrishnaAge"
"1385274072112664583","TSHariKrishnaAge"
"1385274072112664583","TSHariKrishnaAge"
